,Date,Time,DewPointC,DewPointF,FeelsLikeC,FeelsLikeF,WindChillC,WindChillF,WindGustKmph,WindGustMiles,Cloud_Cover,humidity,PrecipMM,Pressure,TempC,TempF,Visibility,WeatherDesc,Wind_Dir_16_Point,Wind_Dir_Degree,WindSpeedKmph,WindSpeedMiles
0,2016-09-01,0,21,69,26,79,24,75,18,11,91,81,0.0,1010,24,75,10,Overcast,S,179,12,8
1,2016-09-01,100,20,68,26,78,23,74,19,12,87,81,0.3,1009,23,74,10,Overcast,SSW,196,12,7
2,2016-09-01,200,19,67,25,77,23,73,20,12,84,81,0.5,1009,23,73,10,Patchy rain possible,SSW,214,12,7
3,2016-09-01,300,19,66,25,76,22,72,21,13,81,82,0.7,1008,22,72,10,Patchy rain possible,SW,231,11,7
4,2016-09-01,400,19,66,25,76,22,71,21,13,86,83,0.9,1008,22,72,10,Patchy rain possible,WSW,256,12,8
5,2016-09-01,500,19,66,22,71,22,71,22,13,91,84,1.2,1008,22,71,10,Light rain shower,WNW,282,13,8
6,2016-09-01,600,19,66,21,71,21,71,22,14,96,85,1.4,1008,22,71,10,Light rain shower,NW,308,14,9
7,2016-09-01,700,19,66,25,76,22,71,20,12,84,83,0.9,1008,23,73,10,Light rain shower,NW,317,13,8
8,2016-09-01,800,19,66,25,76,22,72,18,11,72,82,0.5,1008,23,74,10,Patchy rain possible,NW,326,13,8
9,2016-09-01,900,19,66,25,77,23,73,15,10,60,80,0.1,1008,24,75,10,Patchy rain possible,NNW,335,12,8
10,2016-09-01,1000,19,66,26,79,24,75,13,8,42,75,0.1,1008,25,78,10,Patchy rain possible,NNW,333,11,7
11,2016-09-01,1100,19,67,27,81,25,77,11,7,23,70,0.1,1008,27,80,10,Sunny,NNW,332,9,6
12,2016-09-01,1200,19,67,29,83,27,80,9,5,4,66,0.1,1008,28,83,10,Sunny,NNW,331,8,5
13,2016-09-01,1300,19,67,30,86,28,83,8,5,14,60,0.0,1008,30,86,10,Sunny,NW,317,7,4
14,2016-09-01,1400,19,67,32,89,30,86,7,5,24,54,0.0,1007,31,88,10,Sunny,WNW,303,6,4
15,2016-09-01,1500,19,67,34,92,31,89,7,4,33,49,0.0,1007,32,90,10,Sunny,WNW,289,6,4
16,2016-09-01,1600,19,67,33,91,31,87,7,4,45,49,0.0,1007,32,89,10,Sunny,WNW,293,6,4
17,2016-09-01,1700,19,67,32,89,30,86,7,4,56,50,0.0,1007,31,87,9,Thundery outbreaks possible,WNW,296,6,4
18,2016-09-01,1800,19,67,31,88,29,85,7,4,67,51,0.0,1007,30,85,9,Thundery outbreaks possible,WNW,300,6,4
19,2016-09-01,1900,20,67,30,86,28,83,10,6,56,55,0.0,1007,28,83,10,Thundery outbreaks possible,NW,314,8,5
20,2016-09-01,2000,20,68,29,84,27,80,12,8,44,59,0.0,1008,27,81,10,Clear,NNW,328,10,6
21,2016-09-01,2100,20,69,28,82,26,78,15,9,33,63,0.1,1009,26,78,10,Clear,NNW,342,12,8
22,2016-09-01,2200,19,66,26,79,24,76,20,12,43,66,0.1,1009,24,76,10,Clear,NNW,341,15,9
23,2016-09-01,2300,18,64,25,76,23,73,24,15,54,68,0.1,1010,23,73,10,Overcast,NNW,339,17,11
24,2016-09-02,0,16,61,22,71,22,71,29,18,64,71,0.1,1011,22,71,10,Overcast,NNW,338,19,12
25,2016-09-02,100,15,59,21,70,21,70,30,19,43,69,0.1,1011,21,70,10,Overcast,NNW,336,19,12
26,2016-09-02,200,14,57,20,68,20,68,31,19,21,67,0.0,1011,20,68,10,Clear,NNW,334,18,11
27,2016-09-02,300,13,55,19,67,19,67,32,20,0,65,0.0,1011,19,67,10,Clear,NNW,333,17,11
28,2016-09-02,400,13,55,19,67,19,67,30,18,0,65,0.0,1012,20,67,10,Clear,NNW,334,16,10
29,2016-09-02,500,13,55,19,67,19,67,27,17,0,66,0.0,1012,20,67,10,Clear,NNW,336,16,10
30,2016-09-02,600,13,55,19,67,19,67,24,15,0,67,0.0,1013,20,68,10,Clear,NNW,337,15,10
31,2016-09-02,700,13,56,20,68,20,68,23,14,0,64,0.0,1013,21,70,10,Sunny,NNW,338,16,10
32,2016-09-02,800,13,56,21,70,21,70,21,13,0,62,0.0,1014,22,72,10,Sunny,NNW,340,16,10
33,2016-09-02,900,14,56,22,72,22,72,19,12,0,59,0.0,1014,24,74,10,Sunny,NNW,341,17,10
34,2016-09-02,1000,13,56,24,74,23,74,19,12,0,55,0.0,1015,24,76,10,Sunny,NNW,340,17,11
35,2016-09-02,1100,13,56,25,77,24,75,20,12,0,52,0.0,1015,25,78,10,Sunny,NNW,340,17,11
36,2016-09-02,1200,13,56,26,79,25,77,20,13,0,48,0.0,1015,26,80,10,Sunny,NNW,339,18,11
37,2016-09-02,1300,13,55,26,79,26,79,20,13,0,45,0.0,1015,27,81,10,Sunny,NNW,339,18,11
38,2016-09-02,1400,13,55,27,80,26,80,20,13,0,43,0.0,1015,28,82,10,Sunny,NNW,338,18,11
39,2016-09-02,1500,13,55,27,81,27,81,20,13,0,40,0.0,1015,29,83,10,Sunny,NNW,338,18,11
40,2016-09-02,1600,13,55,27,80,27,80,21,13,0,41,0.0,1015,28,83,10,Sunny,NNW,342,18,11
41,2016-09-02,1700,13,55,27,80,27,80,21,13,0,42,0.0,1015,28,82,10,Clear,NNW,345,18,11
42,2016-09-02,1800,13,55,27,80,26,80,21,13,0,42,0.0,1015,28,82,10,Clear,N,349,18,11
43,2016-09-02,1900,13,55,26,79,26,78,21,13,0,45,0.0,1016,26,80,10,Clear,N,352,18,11
44,2016-09-02,2000,13,55,26,78,25,77,22,13,0,48,0.0,1017,25,78,10,Clear,N,355,17,11
45,2016-09-02,2100,13,56,25,78,24,76,22,14,0,51,0.0,1017,24,76,10,Clear,N,358,17,11
46,2016-09-02,2200,13,56,25,76,23,74,22,14,0,53,0.0,1018,23,74,10,Clear,NW,319,17,10
47,2016-09-02,2300,13,56,24,75,23,73,23,14,0,56,0.0,1018,23,73,10,Clear,W,280,16,10
48,2016-09-03,0,13,56,22,71,22,71,23,14,0,59,0.0,1019,22,71,10,Clear,WSW,241,16,10
49,2016-09-03,100,13,55,21,69,21,69,24,15,0,60,0.0,1020,21,69,10,Clear,SSE,164,16,10
50,2016-09-03,200,12,54,20,67,20,67,25,15,0,62,0.0,1020,20,67,10,Clear,E,86,15,10
51,2016-09-03,300,11,53,19,65,19,65,26,16,0,63,0.0,1021,19,65,10,Clear,N,8,15,9
52,2016-09-03,400,11,51,18,64,18,64,26,16,0,63,0.0,1022,18,64,10,Clear,NNE,11,16,10
53,2016-09-03,500,10,50,17,63,17,63,26,16,1,64,0.0,1022,17,63,10,Clear,NNE,14,16,10
54,2016-09-03,600,9,49,16,61,16,61,27,17,1,64,0.0,1023,16,61,10,Clear,NNE,17,17,11
55,2016-09-03,700,10,50,18,64,18,64,24,15,1,62,0.0,1024,18,64,10,Sunny,NNE,21,17,11
56,2016-09-03,800,11,51,19,66,19,66,22,14,2,60,0.0,1024,19,66,10,Sunny,NNE,25,17,11
57,2016-09-03,900,11,53,20,68,20,68,19,12,2,58,0.0,1025,20,68,10,Sunny,NNE,29,17,11
58,2016-09-03,1000,12,53,22,71,22,71,18,11,2,54,0.0,1025,22,71,10,Sunny,NE,38,16,10
59,2016-09-03,1100,12,54,24,75,24,74,17,10,2,50,0.0,1025,24,74,10,Sunny,NE,48,15,9
60,2016-09-03,1200,13,55,26,79,25,78,15,10,2,47,0.0,1025,25,78,10,Sunny,ENE,58,13,8
61,2016-09-03,1300,13,55,26,79,26,78,15,9,5,45,0.0,1024,26,78,10,Sunny,ENE,71,13,8
62,2016-09-03,1400,13,55,27,80,26,79,15,9,9,44,0.0,1024,26,79,10,Sunny,E,85,13,8
63,2016-09-03,1500,13,55,27,80,27,80,15,9,12,42,0.0,1024,27,80,10,Sunny,E,98,13,8
64,2016-09-03,1600,13,56,26,80,26,79,15,10,14,46,0.0,1024,26,79,10,Sunny,ESE,106,13,8
65,2016-09-03,1700,14,56,26,79,25,77,16,10,16,49,0.0,1024,25,77,10,Partly cloudy,ESE,115,14,9
66,2016-09-03,1800,14,57,26,78,24,76,17,11,18,53,0.0,1024,24,76,10,Partly cloudy,ESE,123,14,9
67,2016-09-03,1900,14,58,25,77,23,74,16,10,12,58,0.0,1024,23,74,10,Partly cloudy,ESE,120,13,8
68,2016-09-03,2000,15,59,24,75,22,72,15,9,6,63,0.0,1024,22,72,10,Clear,ESE,116,12,8
69,2016-09-03,2100,15,60,22,71,22,71,14,9,0,68,0.0,1025,22,71,10,Clear,ESE,113,11,7
70,2016-09-03,2200,15,59,21,70,21,70,16,10,11,70,0.0,1025,21,70,10,Clear,E,98,12,7
71,2016-09-03,2300,15,59,20,69,20,69,18,11,22,71,0.0,1024,20,69,10,Clear,E,83,12,8
72,2016-09-04,0,15,59,20,68,20,68,21,13,33,73,0.0,1024,20,68,10,Clear,ENE,68,13,8
73,2016-09-04,100,15,58,20,67,20,67,25,15,55,74,0.0,1023,20,67,10,Clear,NE,55,15,9
74,2016-09-04,200,15,58,19,67,19,67,29,18,77,75,0.0,1022,19,67,10,Overcast,NE,43,16,10
75,2016-09-04,300,14,58,19,66,19,66,33,21,100,76,0.0,1020,19,66,10,Overcast,NNE,31,18,11
76,2016-09-04,400,15,58,19,66,19,66,32,20,99,76,0.0,1020,19,66,10,Overcast,NNE,29,19,12
77,2016-09-04,500,15,59,19,67,19,67,31,19,99,76,0.0,1020,19,67,10,Overcast,NNE,27,21,13
78,2016-09-04,600,15,59,20,67,20,67,30,19,99,76,0.0,1020,20,68,10,Overcast,NNE,25,22,13
79,2016-09-04,700,15,58,20,68,20,68,31,19,99,72,0.0,1021,20,68,10,Overcast,NNE,27,23,14
80,2016-09-04,800,14,58,20,68,20,68,31,19,100,69,0.0,1021,21,69,10,Overcast,NNE,28,24,15
81,2016-09-04,900,14,57,20,69,20,69,32,20,100,66,0.0,1021,21,70,10,Overcast,NNE,30,25,16
82,2016-09-04,1000,13,56,21,70,21,70,32,20,100,62,0.0,1021,22,71,10,Overcast,NNE,33,26,16
83,2016-09-04,1100,13,56,24,74,22,71,32,20,100,58,0.0,1021,23,73,10,Overcast,NE,35,27,17
84,2016-09-04,1200,13,55,25,77,23,73,33,20,100,54,0.0,1021,23,74,10,Overcast,NE,38,28,18
85,2016-09-04,1300,13,55,25,77,23,73,33,20,100,54,0.1,1021,23,74,9,Overcast,NE,37,28,17
86,2016-09-04,1400,13,55,25,77,23,74,33,21,100,53,0.1,1020,23,74,8,Overcast,NE,36,28,17
87,2016-09-04,1500,13,55,25,77,23,74,33,21,100,52,0.2,1020,24,74,7,Overcast,NE,35,27,17
88,2016-09-04,1600,13,56,25,76,23,73,35,21,100,54,0.3,1020,23,73,6,Overcast,NNE,33,27,17
89,2016-09-04,1700,13,56,22,71,22,71,36,22,100,56,0.3,1019,22,71,6,Light drizzle,NNE,30,27,17
90,2016-09-04,1800,13,56,21,70,21,70,37,23,100,57,0.4,1019,21,70,5,Light drizzle,NNE,28,27,17
91,2016-09-04,1900,13,55,20,68,20,68,40,25,100,56,0.3,1019,20,68,6,Light drizzle,NNE,29,28,17
92,2016-09-04,2000,13,55,19,65,19,65,42,26,100,55,0.1,1019,19,66,8,Overcast,NNE,30,29,18
93,2016-09-04,2100,12,54,17,63,17,63,44,27,100,54,0.0,1018,17,63,10,Overcast,NNE,31,30,19
94,2016-09-04,2200,12,53,17,62,17,62,44,27,100,55,0.0,1019,17,62,10,Overcast,NNE,28,30,18
95,2016-09-04,2300,12,53,16,61,16,61,43,27,100,56,0.0,1019,16,61,10,Overcast,NNE,25,29,18
96,2016-09-05,0,11,52,15,60,15,60,43,27,100,57,0.0,1019,15,60,10,Overcast,NNE,22,28,17
97,2016-09-05,100,10,50,16,61,16,61,40,25,100,54,0.0,1020,16,61,10,Overcast,NE,55,25,16
98,2016-09-05,200,9,48,17,63,17,63,37,23,100,52,0.0,1020,17,63,10,Overcast,E,89,22,14
99,2016-09-05,300,8,46,18,65,18,65,35,21,100,50,0.0,1021,18,65,10,Overcast,ESE,122,19,12
100,2016-09-05,400,8,46,18,65,18,65,33,21,100,50,0.0,1021,18,65,10,Overcast,SSW,199,20,12
101,2016-09-05,500,8,46,18,65,18,65,32,20,100,51,0.0,1020,19,65,10,Overcast,W,276,21,13
102,2016-09-05,600,8,47,19,65,19,65,31,19,100,51,0.0,1020,19,66,10,Overcast,N,353,22,13
103,2016-09-05,700,8,46,19,66,19,66,32,20,90,49,0.0,1020,20,67,10,Overcast,N,353,23,14
104,2016-09-05,800,8,46,20,67,20,67,33,20,79,47,0.0,1020,20,68,10,Overcast,N,353,24,15
105,2016-09-05,900,8,46,20,68,20,68,33,21,69,45,0.0,1020,21,70,10,Overcast,N,353,26,16
106,2016-09-05,1000,8,46,22,72,22,71,34,21,48,41,0.0,1019,23,73,10,Overcast,N,354,27,17
107,2016-09-05,1100,8,47,24,75,23,74,35,21,27,38,0.0,1019,24,76,10,Sunny,N,356,29,18
108,2016-09-05,1200,8,47,25,78,25,77,35,22,6,35,0.0,1018,26,79,10,Sunny,N,357,31,19
109,2016-09-05,1300,9,48,26,79,26,79,36,22,13,34,0.0,1017,27,81,10,Sunny,NW,318,31,19
110,2016-09-05,1400,9,49,27,80,27,81,36,23,21,33,0.0,1017,28,83,10,Sunny,W,278,32,20
111,2016-09-05,1500,10,50,27,81,28,83,37,23,29,32,0.0,1016,29,85,10,Sunny,WSW,239,32,20
112,2016-09-05,1600,10,51,27,81,28,82,37,23,40,33,0.0,1016,29,84,10,Sunny,SSW,199,31,19
113,2016-09-05,1700,11,51,27,81,28,82,37,23,51,35,0.0,1015,28,83,10,Cloudy,SSE,159,30,19
114,2016-09-05,1800,11,52,27,81,28,82,37,23,62,37,0.0,1015,28,82,10,Cloudy,ESE,119,30,18
115,2016-09-05,1900,12,53,27,80,27,80,38,24,45,39,0.0,1015,27,81,10,Cloudy,SSW,197,29,18
116,2016-09-05,2000,12,53,26,79,26,79,39,24,27,42,0.1,1015,26,79,10,Patchy rain possible,W,275,28,17
117,2016-09-05,2100,12,54,26,78,25,77,40,25,10,44,0.1,1015,25,77,10,Patchy rain possible,N,353,27,17
118,2016-09-05,2200,12,54,25,77,24,76,40,25,10,47,0.0,1016,24,76,10,Patchy rain possible,N,351,26,16
119,2016-09-05,2300,12,54,24,76,24,74,39,24,10,50,0.0,1016,24,74,10,Clear,NNW,348,24,15
120,2016-09-06,0,13,55,24,75,23,73,39,24,10,52,0.0,1016,23,73,10,Clear,NNW,346,23,14
121,2016-09-06,100,12,54,22,71,22,71,40,25,13,54,0.0,1016,22,71,10,Clear,NNW,342,22,14
122,2016-09-06,200,12,54,21,70,21,70,41,26,16,56,0.0,1016,21,70,10,Partly cloudy,NNW,339,22,14
123,2016-09-06,300,12,53,20,68,20,68,43,27,20,58,0.0,1017,20,68,10,Partly cloudy,NNW,336,21,13
124,2016-09-06,400,11,53,20,68,20,68,43,27,23,58,0.0,1016,20,68,10,Partly cloudy,NNW,334,22,14
125,2016-09-06,500,11,52,20,67,20,67,44,27,27,58,0.0,1016,20,68,10,Clear,NNW,333,23,14
126,2016-09-06,600,11,52,20,67,20,67,45,28,31,58,0.0,1016,20,67,10,Clear,NNW,331,24,15
127,2016-09-06,700,12,53,21,69,21,69,42,26,42,56,0.0,1016,21,70,10,Sunny,NNW,333,25,16
128,2016-09-06,800,12,54,24,75,22,72,39,24,53,54,0.0,1016,23,73,10,Overcast,NNW,334,26,16
129,2016-09-06,900,13,55,25,78,23,74,36,23,64,52,0.0,1016,24,75,10,Overcast,NNW,336,27,17
130,2016-09-06,1000,13,56,26,80,25,77,36,22,44,49,0.0,1015,26,78,10,Overcast,NNW,338,28,18
131,2016-09-06,1100,14,58,28,82,27,80,35,22,23,47,0.0,1015,28,82,10,Sunny,NNW,341,29,18
132,2016-09-06,1200,15,59,29,83,28,83,35,21,3,45,0.0,1015,29,85,10,Sunny,NNW,343,30,19
133,2016-09-06,1300,16,60,29,85,29,84,35,22,2,45,0.0,1014,30,86,10,Sunny,NNW,345,31,19
134,2016-09-06,1400,16,62,30,87,30,85,36,22,1,45,0.0,1014,31,87,10,Sunny,NNW,346,31,19
135,2016-09-06,1500,17,63,31,88,30,86,36,22,0,46,0.0,1014,32,89,10,Sunny,NNW,348,31,19
136,2016-09-06,1600,18,64,31,88,30,86,36,22,2,48,0.0,1013,31,88,10,Sunny,NW,311,31,19
137,2016-09-06,1700,18,64,31,88,30,85,36,22,4,50,0.0,1013,31,87,10,Clear,W,274,30,19
138,2016-09-06,1800,18,65,31,87,29,85,36,22,7,52,0.1,1013,30,86,10,Clear,WSW,237,30,18
139,2016-09-06,1900,19,66,30,86,29,83,36,22,19,56,0.1,1013,29,84,10,Clear,SSE,161,28,18
140,2016-09-06,2000,19,66,29,84,28,82,36,22,31,60,0.1,1013,28,82,9,Patchy rain possible,E,85,27,17
141,2016-09-06,2100,19,67,28,83,27,80,36,22,43,65,0.1,1014,27,80,9,Patchy rain possible,N,8,26,16
142,2016-09-06,2200,19,67,28,82,26,78,36,22,59,69,0.1,1014,26,78,10,Patchy rain possible,N,9,25,16
143,2016-09-06,2300,19,67,27,80,25,76,36,22,75,72,0.0,1014,25,76,10,Overcast,N,10,24,15
144,2016-09-07,0,19,67,26,79,24,75,36,22,91,76,0.0,1014,24,75,10,Overcast,N,10,24,15
145,2016-09-07,100,19,66,25,77,23,73,37,23,91,79,0.0,1014,23,73,10,Overcast,N,10,23,14
146,2016-09-07,200,19,65,22,71,22,71,39,24,90,81,0.0,1014,22,71,10,Cloudy,N,10,22,14
147,2016-09-07,300,18,65,21,70,21,70,40,25,90,84,0.0,1014,21,70,10,Cloudy,N,9,21,13
148,2016-09-07,400,18,65,21,70,21,70,39,24,93,84,0.0,1013,21,70,10,Cloudy,NE,46,21,13
149,2016-09-07,500,18,65,21,71,21,71,37,23,97,84,0.0,1013,22,71,10,Overcast,E,83,21,13
150,2016-09-07,600,19,65,22,71,22,71,36,22,100,83,0.0,1013,22,71,10,Overcast,ESE,120,21,13
151,2016-09-07,700,19,66,24,74,22,72,32,20,98,81,0.0,1013,23,73,10,Overcast,SSW,198,21,13
152,2016-09-07,800,19,67,25,77,23,74,29,18,97,79,0.0,1013,24,75,10,Overcast,W,275,21,13
153,2016-09-07,900,20,68,26,79,24,75,26,16,95,77,0.0,1013,25,77,10,Overcast,N,353,21,13
154,2016-09-07,1000,20,68,27,81,25,77,25,16,83,73,0.0,1013,26,79,10,Overcast,N,352,21,13
155,2016-09-07,1100,20,68,28,83,26,79,24,15,70,69,0.0,1013,27,81,10,Cloudy,N,350,21,13
156,2016-09-07,1200,20,68,29,85,27,81,23,15,57,64,0.0,1014,28,83,10,Cloudy,N,349,20,13
157,2016-09-07,1300,20,68,31,87,29,83,22,14,38,60,0.0,1013,29,85,10,Cloudy,NNW,348,19,12
158,2016-09-07,1400,20,68,32,89,30,85,21,13,19,56,0.0,1013,30,87,10,Sunny,NNW,346,19,12
159,2016-09-07,1500,20,67,33,92,31,88,21,13,0,51,0.0,1012,32,89,10,Sunny,NNW,345,18,11
160,2016-09-07,1600,20,69,34,93,31,88,19,12,0,52,0.0,1012,32,89,10,Sunny,NNW,344,16,10
161,2016-09-07,1700,21,70,34,94,31,88,17,10,0,52,0.0,1011,32,89,10,Clear,NNW,342,14,9
162,2016-09-07,1800,22,71,35,95,32,89,15,9,0,52,0.0,1011,32,89,10,Clear,NNW,341,13,8
163,2016-09-07,1900,23,73,34,93,30,87,12,7,0,55,0.0,1011,31,87,10,Clear,NNW,339,10,6
164,2016-09-07,2000,23,74,33,91,29,84,9,6,0,58,0.0,1011,29,85,10,Clear,NNW,336,8,5
165,2016-09-07,2100,24,76,32,89,28,82,6,4,0,61,0.0,1012,28,82,10,Clear,NNW,333,6,4
166,2016-09-07,2200,25,76,30,87,27,80,5,3,0,65,0.0,1012,27,80,10,Clear,WNW,300,5,3
167,2016-09-07,2300,25,77,29,85,26,79,4,3,0,69,0.0,1012,26,79,10,Clear,W,268,4,2
168,2016-09-08,0,25,77,28,83,25,77,3,2,0,73,0.0,1012,25,77,10,Clear,SW,235,3,2
169,2016-09-08,100,25,77,29,84,25,78,3,2,0,79,0.0,1012,25,78,10,Clear,S,190,2,1
170,2016-09-08,200,25,76,29,85,26,79,2,1,0,84,0.0,1013,26,79,10,Clear,SE,144,2,1
171,2016-09-08,300,24,76,30,86,26,79,2,1,0,90,0.0,1013,26,79,10,Clear,E,99,1,1
172,2016-09-08,400,24,76,30,86,26,79,2,1,0,90,0.0,1012,26,79,10,Clear,ESE,113,2,1
173,2016-09-08,500,24,76,30,85,26,79,2,1,0,91,0.0,1012,26,80,10,Clear,SE,128,2,1
174,2016-09-08,600,24,76,29,85,26,78,3,2,0,91,0.0,1012,27,80,10,Clear,SE,142,2,1
175,2016-09-08,700,24,75,30,86,26,80,4,2,0,88,0.0,1012,28,82,10,Sunny,SE,145,3,2
176,2016-09-08,800,24,75,31,88,27,81,5,3,1,84,0.0,1012,29,83,10,Sunny,SSE,149,5,3
177,2016-09-08,900,24,75,32,89,28,82,6,4,1,80,0.0,1012,30,85,10,Sunny,SSE,152,6,4
178,2016-09-08,1000,23,73,32,90,28,83,9,6,3,74,0.0,1012,30,86,10,Sunny,SSE,159,8,5
179,2016-09-08,1100,22,72,32,90,29,84,12,7,5,67,0.0,1011,31,87,10,Sunny,SSE,166,11,7
180,2016-09-08,1200,22,71,33,91,30,86,15,9,7,61,0.0,1011,31,88,10,Sunny,S,174,13,8
181,2016-09-08,1300,21,70,33,92,30,86,17,10,19,60,0.0,1011,31,89,10,Sunny,S,171,15,9
182,2016-09-08,1400,21,70,34,93,31,87,18,11,31,58,0.0,1010,32,89,10,Sunny,SSE,169,16,10
183,2016-09-08,1500,21,70,34,93,31,88,20,13,42,56,0.0,1009,32,90,10,Sunny,SSE,166,18,11
184,2016-09-08,1600,21,71,34,93,31,87,21,13,61,58,0.0,1009,31,89,10,Sunny,SSE,163,17,11
185,2016-09-08,1700,22,71,34,92,30,86,21,13,80,61,0.0,1008,31,87,10,Overcast,SSE,161,16,10
186,2016-09-08,1800,22,72,33,92,30,86,21,13,99,63,0.0,1008,30,86,10,Overcast,SSE,158,16,10
187,2016-09-08,1900,22,72,32,89,29,84,22,13,99,65,0.0,1008,29,84,10,Overcast,SSE,166,15,9
188,2016-09-08,2000,22,72,30,87,27,81,22,14,100,68,0.1,1008,28,82,10,Overcast,S,174,14,9
189,2016-09-08,2100,23,73,29,84,26,79,23,14,100,70,0.1,1008,26,79,10,Overcast,S,182,13,8
190,2016-09-08,2200,22,72,28,83,26,78,23,14,100,68,0.2,1008,26,78,10,Overcast,SSW,197,13,8
191,2016-09-08,2300,22,72,27,81,25,77,23,15,100,66,0.2,1008,25,77,10,Light rain shower,SSW,212,13,8
192,2016-09-09,0,22,71,26,79,24,76,24,15,100,65,0.3,1008,24,76,10,Light rain shower,SW,227,13,8
193,2016-09-09,100,21,70,27,81,25,77,25,16,90,66,0.2,1008,25,77,10,Light rain shower,SW,234,13,8
194,2016-09-09,200,21,70,28,82,26,78,27,17,80,68,0.1,1008,26,78,10,Overcast,WSW,240,14,9
195,2016-09-09,300,21,69,29,83,27,80,28,18,70,70,0.0,1008,27,80,10,Overcast,WSW,247,14,9
196,2016-09-09,400,21,70,29,84,27,80,26,16,55,72,0.0,1009,27,80,10,Overcast,WSW,251,13,8
197,2016-09-09,500,21,70,29,84,27,80,23,15,39,73,0.0,1009,27,80,10,Clear,WSW,255,13,8
198,2016-09-09,600,22,71,29,84,27,80,21,13,23,74,0.0,1010,27,81,10,Clear,W,260,12,7
199,2016-09-09,700,22,71,30,86,27,81,20,12,37,71,0.0,1010,28,82,10,Sunny,W,268,12,8
200,2016-09-09,800,21,71,31,87,28,83,18,11,51,68,0.0,1011,29,84,10,Partly cloudy,W,277,13,8
201,2016-09-09,900,21,71,32,89,29,84,17,11,65,65,0.0,1011,30,86,10,Partly cloudy,WNW,285,13,8
202,2016-09-09,1000,21,69,33,91,30,86,16,10,65,59,0.0,1011,31,88,10,Partly cloudy,WNW,293,13,8
203,2016-09-09,1100,20,68,34,93,31,88,16,10,66,52,0.0,1012,32,90,10,Overcast,WNW,301,13,8
204,2016-09-09,1200,19,66,35,94,33,91,15,9,67,46,0.0,1012,33,91,10,Overcast,NW,309,13,8
205,2016-09-09,1300,19,66,36,97,34,93,14,9,44,42,0.0,1012,34,94,10,Overcast,NW,309,12,8
206,2016-09-09,1400,18,65,37,99,35,95,13,8,22,38,0.0,1012,35,96,10,Sunny,NW,309,11,7
207,2016-09-09,1500,18,64,38,101,36,97,12,7,0,35,0.0,1012,37,98,10,Sunny,NW,308,10,6
208,2016-09-09,1600,18,64,39,102,36,97,10,6,0,35,0.0,1012,37,98,10,Sunny,W,275,9,6
209,2016-09-09,1700,18,65,39,102,37,98,9,6,0,34,0.0,1012,37,99,10,Clear,WSW,242,8,5
210,2016-09-09,1800,18,65,39,103,37,98,8,5,0,34,0.0,1012,37,99,10,Clear,SSW,208,7,4
211,2016-09-09,1900,19,66,39,103,36,97,6,4,0,37,0.0,1013,36,98,10,Clear,SE,146,6,4
212,2016-09-09,2000,20,68,39,102,36,96,5,3,1,41,0.0,1013,36,96,10,Clear,E,83,4,3
213,2016-09-09,2100,21,69,39,102,35,95,3,2,1,44,0.0,1014,35,95,10,Clear,NNE,21,3,2
214,2016-09-09,2200,22,71,38,100,34,93,3,2,1,51,0.0,1014,34,93,10,Clear,NE,38,3,2
215,2016-09-09,2300,22,72,37,99,32,90,3,2,1,57,0.1,1015,32,90,10,Clear,ENE,56,3,2
216,2016-09-10,0,23,73,36,97,31,88,4,2,2,64,0.1,1015,31,88,10,Clear,ENE,74,3,2
217,2016-09-10,100,24,75,35,96,30,86,4,3,3,71,0.2,1015,30,86,10,Clear,E,82,3,2
218,2016-09-10,200,25,76,35,95,29,84,5,3,4,79,0.3,1015,29,84,10,Patchy rain possible,E,90,3,2
219,2016-09-10,300,26,78,34,93,28,83,5,3,5,86,0.4,1014,28,83,10,Patchy rain possible,E,98,4,2
220,2016-09-10,400,25,77,32,90,27,81,7,4,10,87,0.3,1014,28,82,9,Patchy rain possible,E,95,4,3
221,2016-09-10,500,24,75,30,87,26,79,8,5,15,87,0.3,1014,27,80,9,Patchy rain possible,E,92,5,3
222,2016-09-10,600,23,74,29,83,26,78,10,6,20,88,0.3,1014,26,79,9,Patchy rain possible,E,89,6,4
223,2016-09-10,700,23,74,30,85,26,80,11,7,20,84,0.2,1014,28,82,9,Patchy rain possible,E,98,7,5
224,2016-09-10,800,23,74,31,88,27,81,13,8,20,80,0.2,1015,29,84,9,Patchy rain possible,ESE,106,9,6
225,2016-09-10,900,23,74,32,90,28,83,14,9,20,76,0.1,1015,30,86,9,Patchy rain possible,ESE,114,11,7
226,2016-09-10,1000,23,73,34,92,30,85,15,10,17,69,0.1,1014,31,88,9,Patchy rain possible,SE,126,12,8
227,2016-09-10,1100,23,73,35,95,31,87,17,11,13,63,0.1,1014,32,90,10,Sunny,SE,138,14,9
228,2016-09-10,1200,22,72,37,98,32,90,18,11,9,57,0.1,1014,33,92,10,Sunny,SSE,150,16,10
229,2016-09-10,1300,22,72,37,99,33,91,20,12,11,55,0.1,1014,34,93,10,Sunny,SSE,157,17,10
230,2016-09-10,1400,22,72,38,101,33,92,21,13,12,53,0.2,1013,35,94,9,Patchy rain possible,SSE,165,18,11
231,2016-09-10,1500,22,72,39,102,34,93,22,14,14,51,0.2,1013,35,95,9,Patchy rain possible,S,172,19,12
232,2016-09-10,1600,22,72,39,101,34,93,23,14,21,52,0.1,1012,35,94,10,Patchy rain possible,S,174,18,11
233,2016-09-10,1700,22,72,38,101,33,92,23,14,29,52,0.1,1012,34,94,10,Clear,S,176,18,11
234,2016-09-10,1800,22,72,38,100,33,92,24,15,36,53,0.0,1012,34,93,10,Clear,S,178,18,11
235,2016-09-10,1900,22,72,36,98,32,90,25,16,47,57,0.0,1012,32,90,10,Clear,S,178,17,11
236,2016-09-10,2000,22,72,35,95,31,88,27,17,58,60,0.1,1012,31,88,10,Patchy rain possible,S,177,17,11
237,2016-09-10,2100,22,72,34,92,30,86,28,17,69,64,0.1,1012,30,86,10,Patchy rain possible,S,177,17,11
238,2016-09-10,2200,22,72,32,90,29,84,29,18,59,67,0.0,1012,29,84,10,Patchy rain possible,S,178,17,11
239,2016-09-10,2300,22,71,31,87,28,82,30,19,49,70,0.0,1012,28,82,10,Partly cloudy,S,178,18,11
240,2016-09-11,0,21,71,29,85,27,80,31,19,39,73,0.0,1012,27,80,10,Partly cloudy,S,178,18,11
241,2016-09-11,100,21,70,28,82,26,78,31,20,43,76,0.0,1012,26,78,10,Partly cloudy,S,178,18,11
242,2016-09-11,200,20,69,27,80,25,76,32,20,47,78,0.0,1012,25,76,10,Partly cloudy,S,178,17,11
243,2016-09-11,300,20,68,26,78,24,74,32,20,51,81,0.0,1012,24,74,10,Partly cloudy,S,178,17,10
244,2016-09-11,400,20,68,26,78,24,74,31,19,49,82,0.1,1011,24,75,10,Partly cloudy,S,184,17,10
245,2016-09-11,500,20,69,26,78,24,74,30,19,47,82,0.2,1011,24,75,10,Partly cloudy,S,189,17,10
246,2016-09-11,600,21,69,26,78,24,74,29,18,45,83,0.3,1011,24,75,10,Partly cloudy,SSW,194,17,10
247,2016-09-11,700,21,70,27,80,24,76,26,16,35,81,0.4,1012,25,77,9,Partly cloudy,SSW,207,16,10
248,2016-09-11,800,21,70,28,82,25,78,23,15,25,78,0.6,1012,26,79,9,Patchy rain possible,SW,220,16,10
249,2016-09-11,900,22,71,29,84,26,80,21,13,16,76,0.7,1012,28,82,9,Patchy rain possible,SW,233,16,10
250,2016-09-11,1000,21,69,29,85,27,81,21,13,24,69,0.6,1013,29,83,9,Patchy rain possible,WSW,246,17,11
251,2016-09-11,1100,20,68,30,86,28,83,22,14,33,62,0.4,1013,29,85,9,Patchy rain possible,WSW,258,18,11
252,2016-09-11,1200,19,66,31,87,29,85,23,14,41,55,0.3,1013,30,87,9,Patchy rain possible,W,270,19,12
253,2016-09-11,1300,17,62,31,87,30,85,24,15,46,48,0.2,1013,31,87,10,Patchy rain possible,W,280,20,13
254,2016-09-11,1400,15,59,30,86,30,86,25,16,52,41,0.1,1014,31,88,10,Cloudy,WNW,289,21,13
255,2016-09-11,1500,13,55,30,86,30,87,26,16,57,35,0.0,1014,31,88,10,Cloudy,WNW,298,22,14
256,2016-09-11,1600,12,53,29,84,30,85,26,16,50,34,0.0,1014,30,87,10,Cloudy,WNW,303,22,13
257,2016-09-11,1700,11,52,28,83,29,84,26,16,43,33,0.0,1015,30,85,10,Clear,NW,308,21,13
258,2016-09-11,1800,10,50,27,81,28,82,26,16,36,33,0.0,1015,29,84,10,Clear,NW,313,21,13
259,2016-09-11,1900,10,50,27,80,27,80,27,17,52,35,0.0,1016,27,81,10,Clear,NW,319,20,13
260,2016-09-11,2000,10,50,26,79,26,78,27,17,68,38,0.0,1017,26,79,10,Overcast,NW,326,20,12
261,2016-09-11,2100,10,50,25,78,25,76,28,17,84,40,0.0,1018,25,76,10,Overcast,NNW,332,19,12
262,2016-09-11,2200,10,50,24,76,23,74,28,17,68,42,0.0,1019,23,74,10,Overcast,NNW,335,19,12
263,2016-09-11,2300,9,49,23,74,22,72,28,17,51,44,0.0,1019,22,72,10,Partly cloudy,NNW,339,18,11
264,2016-09-12,0,9,48,21,70,21,70,28,17,35,45,0.0,1020,21,70,10,Partly cloudy,NNW,342,18,11
265,2016-09-12,100,9,48,21,69,21,69,25,16,24,48,0.0,1021,21,69,10,Partly cloudy,NW,306,16,10
266,2016-09-12,200,9,49,20,68,20,68,23,14,12,51,0.0,1021,20,68,10,Clear,W,270,15,9
267,2016-09-12,300,10,49,19,67,19,67,21,13,0,54,0.0,1021,19,67,10,Clear,SW,234,13,8
268,2016-09-12,400,10,51,19,67,19,67,18,11,0,56,0.0,1022,19,67,10,Clear,SSE,157,13,8
269,2016-09-12,500,11,52,19,67,19,67,16,10,0,58,0.0,1022,20,67,10,Clear,E,80,12,8
270,2016-09-12,600,12,53,19,67,19,67,14,9,0,60,0.0,1022,20,68,10,Clear,N,4,12,7
271,2016-09-12,700,12,53,20,68,20,68,13,8,0,59,0.0,1023,21,69,10,Sunny,NNE,13,12,7
272,2016-09-12,800,12,53,21,69,21,69,13,8,0,57,0.0,1023,22,71,10,Sunny,NNE,22,11,7
273,2016-09-12,900,12,53,21,70,21,70,13,8,0,55,0.0,1024,23,73,10,Sunny,NNE,31,11,7
274,2016-09-12,1000,12,53,23,73,23,73,12,7,0,50,0.0,1024,24,76,10,Sunny,NE,52,10,6
275,2016-09-12,1100,12,53,25,76,25,76,11,7,0,46,0.0,1024,26,79,10,Sunny,ENE,74,9,6
276,2016-09-12,1200,12,53,26,80,26,79,10,6,0,41,0.0,1024,28,83,10,Sunny,E,96,8,5
277,2016-09-12,1300,12,54,27,80,27,80,10,6,0,40,0.0,1024,29,84,10,Sunny,ESE,113,8,5
278,2016-09-12,1400,13,55,27,81,28,82,10,6,0,40,0.0,1023,29,85,10,Sunny,SE,130,9,5
279,2016-09-12,1500,13,55,28,82,28,83,10,6,0,39,0.0,1023,30,86,10,Sunny,SSE,148,9,5
280,2016-09-12,1600,13,56,28,82,27,81,12,7,0,44,0.0,1023,29,84,10,Sunny,SSE,153,10,6
281,2016-09-12,1700,14,57,27,81,27,80,14,9,0,48,0.0,1023,28,82,10,Clear,SSE,158,12,7
282,2016-09-12,1800,15,59,27,80,26,79,15,10,0,53,0.0,1022,27,80,10,Clear,SSE,163,14,9
283,2016-09-12,1900,16,60,27,80,25,78,15,10,0,59,0.0,1022,26,78,10,Clear,SSE,164,14,8
284,2016-09-12,2000,17,62,26,79,25,77,15,9,0,66,0.0,1023,25,77,10,Clear,SSE,165,13,8
285,2016-09-12,2100,17,63,26,79,24,75,15,9,0,72,0.0,1023,24,75,10,Clear,SSE,167,13,8
286,2016-09-12,2200,18,64,26,78,24,74,13,8,0,73,0.0,1023,24,74,10,Clear,S,172,12,7
287,2016-09-12,2300,18,64,25,78,23,74,12,7,0,75,0.0,1023,23,74,10,Clear,S,177,10,6
288,2016-09-13,0,18,65,25,77,23,73,10,6,0,76,0.0,1023,23,73,10,Clear,S,182,9,5
289,2016-09-13,100,18,64,24,76,22,72,9,6,0,77,0.0,1023,22,72,10,Clear,S,189,8,5
290,2016-09-13,200,18,64,22,71,22,71,8,5,0,78,0.0,1023,22,71,10,Clear,SSW,196,6,4
291,2016-09-13,300,18,64,21,70,21,70,6,4,0,80,0.0,1023,21,70,10,Clear,SSW,203,5,3
292,2016-09-13,400,18,64,21,70,21,70,6,4,0,81,0.0,1023,21,70,10,Clear,SSW,210,5,3
293,2016-09-13,500,18,64,21,70,21,70,6,4,0,82,0.0,1023,21,71,10,Clear,SW,217,5,3
294,2016-09-13,600,18,64,21,70,21,70,6,4,0,83,0.0,1023,22,71,10,Clear,SW,224,5,3
295,2016-09-13,700,18,64,23,73,22,71,7,5,0,80,0.0,1023,23,73,10,Sunny,SW,226,6,4
296,2016-09-13,800,18,64,24,75,22,72,9,5,0,77,0.0,1023,24,75,10,Sunny,SW,228,7,5
297,2016-09-13,900,18,64,25,77,23,73,10,6,0,73,0.0,1023,25,76,10,Sunny,SW,229,9,5
298,2016-09-13,1000,17,63,26,78,24,75,12,7,0,67,0.0,1023,26,79,10,Sunny,SW,223,10,6
299,2016-09-13,1100,17,62,27,80,25,77,13,8,0,60,0.0,1023,27,81,10,Sunny,SW,217,12,7
300,2016-09-13,1200,16,61,27,81,26,80,15,9,0,53,0.0,1023,28,83,10,Sunny,SSW,211,13,8
301,2016-09-13,1300,16,60,28,82,27,81,16,10,0,50,0.0,1022,29,84,10,Sunny,SSW,204,14,9
302,2016-09-13,1400,15,60,28,82,28,82,17,11,0,48,0.0,1022,29,85,10,Sunny,SSW,197,15,9
303,2016-09-13,1500,15,59,28,83,28,83,18,11,0,45,0.0,1021,30,85,10,Sunny,S,190,15,10
304,2016-09-13,1600,15,60,28,82,28,82,20,12,0,48,0.0,1020,29,84,10,Sunny,S,183,16,10
305,2016-09-13,1700,16,61,28,82,27,81,21,13,0,51,0.0,1020,28,82,10,Clear,S,176,17,11
306,2016-09-13,1800,16,62,27,81,27,80,23,14,0,55,0.0,1019,27,81,10,Clear,SSE,168,18,11
307,2016-09-13,1900,17,62,27,80,26,78,23,14,0,59,0.0,1019,26,79,10,Clear,S,171,18,11
308,2016-09-13,2000,17,63,26,79,25,77,24,15,0,63,0.0,1019,25,77,10,Clear,S,173,18,11
309,2016-09-13,2100,18,64,26,78,24,76,24,15,0,67,0.0,1019,24,76,10,Clear,S,175,18,11
310,2016-09-13,2200,17,63,25,77,24,75,24,15,0,67,0.0,1019,24,75,10,Clear,S,183,17,11
311,2016-09-13,2300,17,62,25,76,23,74,24,15,0,67,0.0,1019,23,74,10,Clear,S,191,16,10
312,2016-09-14,0,16,61,24,75,23,73,23,14,0,67,0.0,1020,23,73,10,Clear,SSW,199,16,10
313,2016-09-14,100,16,61,23,73,22,72,22,14,0,68,0.0,1019,22,72,10,Clear,SSW,202,15,9
314,2016-09-14,200,16,60,21,71,21,71,21,13,0,69,0.0,1019,21,71,10,Clear,SSW,205,13,8
315,2016-09-14,300,15,59,21,69,21,69,19,12,1,71,0.0,1019,21,69,10,Clear,SSW,209,12,8
316,2016-09-14,400,15,60,21,70,21,70,18,11,8,71,0.0,1018,21,70,10,Clear,SSW,211,12,7
317,2016-09-14,500,16,60,21,70,21,70,16,10,16,72,0.0,1018,21,70,10,Clear,SSW,213,11,7
318,2016-09-14,600,16,61,21,70,21,70,15,9,24,73,0.0,1018,22,71,10,Clear,SW,215,10,6
319,2016-09-14,700,16,61,23,74,22,71,15,9,31,70,0.0,1018,23,73,10,Sunny,SW,216,11,7
320,2016-09-14,800,16,61,25,77,23,73,15,9,39,67,0.0,1018,24,75,10,Cloudy,SW,218,11,7
321,2016-09-14,900,17,62,26,79,24,75,15,9,46,64,0.0,1018,25,78,10,Cloudy,SW,219,12,7
322,2016-09-14,1000,17,62,27,81,26,78,15,9,31,59,0.0,1017,27,81,10,Cloudy,SW,221,12,7
323,2016-09-14,1100,17,62,29,84,28,82,15,9,15,53,0.0,1017,29,84,10,Sunny,SW,224,12,8
324,2016-09-14,1200,17,62,30,86,30,85,15,9,0,47,0.0,1017,31,87,10,Sunny,SW,227,13,8
325,2016-09-14,1300,16,61,31,87,30,86,16,10,5,44,0.0,1016,31,89,10,Sunny,SW,230,14,9
326,2016-09-14,1400,16,60,31,88,31,88,18,11,10,40,0.0,1015,32,90,10,Sunny,SW,234,15,10
327,2016-09-14,1500,15,59,32,89,32,89,20,12,15,37,0.0,1015,33,91,10,Sunny,WSW,238,17,11
328,2016-09-14,1600,15,60,32,89,31,89,21,13,30,38,0.1,1015,32,90,10,Sunny,WSW,248,18,11
329,2016-09-14,1700,16,60,31,88,31,88,23,14,46,40,0.2,1014,32,89,10,Partly cloudy,WSW,259,19,12
330,2016-09-14,1800,16,61,31,88,31,87,25,15,62,42,0.4,1014,32,89,10,Partly cloudy,W,270,20,13
331,2016-09-14,1900,16,61,30,87,30,86,27,17,64,45,0.5,1015,30,87,10,Partly cloudy,WNW,287,21,13
332,2016-09-14,2000,16,61,30,86,29,84,30,19,65,49,0.7,1016,29,84,10,Light rain shower,WNW,303,23,14
333,2016-09-14,2100,16,61,29,84,28,82,32,20,67,52,0.9,1016,28,82,10,Light rain shower,NW,320,24,15
334,2016-09-14,2200,15,59,28,82,27,80,33,21,44,54,0.8,1017,27,80,10,Light rain shower,NNW,327,23,14
335,2016-09-14,2300,14,58,27,80,25,78,34,21,22,56,0.7,1018,25,78,10,Clear,NNW,334,23,14
336,2016-09-15,0,13,56,26,78,24,76,35,21,0,58,0.6,1019,24,76,10,Clear,NNW,342,22,14
337,2016-09-15,100,13,55,23,74,22,72,36,23,11,59,0.6,1019,22,72,10,Clear,NW,307,22,14
338,2016-09-15,200,12,53,21,69,21,69,38,24,22,59,0.6,1020,21,69,10,Clear,W,272,22,14
339,2016-09-15,300,11,52,19,66,19,66,40,25,32,60,0.6,1020,19,66,10,Clear,WSW,237,22,13
340,2016-09-15,400,11,52,19,66,19,66,39,24,52,61,0.4,1020,19,66,10,Clear,SSE,161,21,13
341,2016-09-15,500,11,53,19,66,19,66,38,24,72,62,0.2,1021,19,66,10,Overcast,E,84,21,13
342,2016-09-15,600,12,53,19,66,19,66,37,23,92,63,0.0,1021,19,67,10,Overcast,N,8,20,13
343,2016-09-15,700,12,53,19,67,19,67,35,22,90,62,0.0,1022,20,68,10,Overcast,NNE,12,20,12
344,2016-09-15,800,12,53,20,67,20,67,33,21,89,60,0.0,1022,21,69,10,Cloudy,NNE,16,19,12
345,2016-09-15,900,12,53,20,68,20,68,31,19,87,58,0.0,1023,21,71,10,Cloudy,NNE,20,19,12
346,2016-09-15,1000,11,52,22,72,21,69,26,16,89,54,0.0,1023,22,72,10,Cloudy,NNE,23,17,11
347,2016-09-15,1100,10,51,23,74,21,70,21,13,90,50,0.0,1023,23,73,10,Overcast,NNE,26,16,10
348,2016-09-15,1200,10,50,24,76,22,72,16,10,92,46,0.0,1024,23,74,10,Overcast,NNE,30,14,9
349,2016-09-15,1300,10,50,25,76,23,73,13,8,82,44,0.0,1023,24,76,10,Overcast,NE,34,12,7
350,2016-09-15,1400,10,50,25,77,24,75,11,7,71,42,0.0,1023,25,77,10,Overcast,NE,39,9,6
351,2016-09-15,1500,10,50,25,78,25,76,8,5,61,40,0.0,1023,26,79,10,Overcast,NE,43,7,4
352,2016-09-15,1600,11,52,26,79,25,77,7,4,41,41,0.0,1023,27,80,10,Overcast,ENE,57,6,4
353,2016-09-15,1700,12,54,26,80,26,79,6,4,21,42,0.0,1022,27,81,10,Clear,ENE,71,5,3
354,2016-09-15,1800,13,56,27,80,27,80,5,3,1,44,0.0,1022,28,82,10,Clear,E,85,4,2
355,2016-09-15,1900,14,57,27,80,26,79,6,4,1,48,0.0,1023,27,80,10,Clear,ESE,102,5,3
356,2016-09-15,2000,15,59,26,79,25,78,7,4,0,53,0.0,1023,26,78,10,Clear,ESE,119,6,4
357,2016-09-15,2100,16,60,26,78,25,76,8,5,0,58,0.0,1023,25,76,10,Clear,SE,136,7,4
358,2016-09-15,2200,16,61,25,77,24,75,8,5,0,63,0.0,1024,24,75,10,Clear,SE,136,7,4
359,2016-09-15,2300,17,62,24,76,23,74,8,5,0,69,0.0,1024,23,74,10,Clear,SE,136,7,4
360,2016-09-16,0,18,64,24,74,22,72,8,5,1,74,0.0,1025,22,72,10,Clear,SE,136,7,4
361,2016-09-16,100,17,62,22,71,22,71,7,4,3,75,0.0,1025,22,71,10,Clear,ESE,123,6,4
362,2016-09-16,200,16,61,21,69,21,69,6,4,5,76,0.0,1025,21,69,10,Clear,ESE,110,5,3
363,2016-09-16,300,16,60,20,68,20,68,5,3,8,77,0.0,1025,20,68,10,Clear,E,98,4,3
364,2016-09-16,400,15,60,19,67,19,67,6,4,15,78,0.0,1025,19,67,10,Clear,E,83,5,3
365,2016-09-16,500,15,59,19,66,19,66,6,4,22,79,0.0,1025,19,66,10,Clear,ENE,68,5,3
366,2016-09-16,600,15,58,18,65,18,65,7,4,29,80,0.0,1025,19,66,10,Clear,NE,53,5,3
367,2016-09-16,700,15,58,19,66,19,66,7,5,30,77,0.0,1026,20,68,10,Sunny,ENE,60,6,4
368,2016-09-16,800,15,58,19,67,19,67,8,5,32,74,0.0,1026,21,69,10,Partly cloudy,ENE,67,6,4
369,2016-09-16,900,15,58,20,68,20,68,8,5,33,71,0.0,1026,22,71,10,Partly cloudy,ENE,73,7,4
370,2016-09-16,1000,14,57,22,72,21,70,9,6,23,65,0.0,1026,23,73,10,Partly cloudy,E,82,8,5
371,2016-09-16,1100,13,56,24,74,23,73,10,6,13,58,0.0,1026,24,75,10,Sunny,E,92,9,5
372,2016-09-16,1200,13,55,25,77,24,75,11,7,3,51,0.0,1026,25,78,10,Sunny,E,101,10,6
373,2016-09-16,1300,12,54,25,77,24,75,12,8,4,49,0.0,1026,25,78,10,Sunny,ESE,110,11,7
374,2016-09-16,1400,12,53,25,77,24,75,13,8,4,47,0.0,1026,25,78,10,Sunny,ESE,120,11,7
375,2016-09-16,1500,11,52,25,77,24,75,14,9,5,45,0.0,1025,25,78,10,Sunny,SE,129,12,8
376,2016-09-16,1600,12,53,25,76,24,74,15,9,4,48,0.0,1025,25,77,10,Sunny,SE,133,13,8
377,2016-09-16,1700,12,54,24,75,23,74,16,10,2,50,0.0,1025,24,76,10,Clear,SE,137,14,9
378,2016-09-16,1800,13,55,24,74,23,73,17,10,0,53,0.0,1025,24,75,10,Clear,SE,141,14,9
379,2016-09-16,1900,13,55,22,72,21,70,15,10,0,57,0.0,1025,22,72,10,Clear,SE,140,13,8
380,2016-09-16,2000,13,56,20,68,20,68,14,9,0,60,0.0,1025,21,69,10,Clear,SE,140,12,8
381,2016-09-16,2100,14,57,19,66,19,66,13,8,0,64,0.0,1025,19,66,10,Clear,SE,139,12,7
382,2016-09-16,2200,14,58,18,65,18,65,11,7,0,66,0.0,1025,18,65,10,Clear,SE,137,10,6
383,2016-09-16,2300,15,59,17,63,17,63,9,6,0,69,0.0,1025,17,63,10,Clear,SE,136,8,5
384,2016-09-17,0,16,60,17,62,17,62,8,5,0,72,0.0,1025,17,62,10,Clear,SE,134,6,4
385,2016-09-17,100,15,60,17,63,17,63,7,4,2,74,0.0,1025,17,63,10,Clear,SE,136,6,4
386,2016-09-17,200,15,59,18,65,18,65,6,4,3,76,0.0,1025,18,65,10,Clear,SE,137,5,3
387,2016-09-17,300,15,59,19,66,19,66,5,3,5,78,0.0,1024,19,66,10,Clear,SE,138,4,3
388,2016-09-17,400,15,59,19,66,19,66,5,3,8,79,0.0,1024,19,66,10,Clear,SE,135,4,2
389,2016-09-17,500,15,58,18,65,18,65,5,3,11,80,0.0,1024,19,66,10,Clear,SE,132,3,2
390,2016-09-17,600,15,58,18,64,18,64,5,3,15,80,0.0,1024,19,65,10,Clear,SE,130,3,2
391,2016-09-17,700,15,58,19,65,19,65,6,4,15,78,0.0,1024,20,67,10,Sunny,SE,128,4,2
392,2016-09-17,800,15,58,19,67,19,67,7,4,14,75,0.0,1024,21,69,10,Sunny,SE,127,5,3
393,2016-09-17,900,15,58,20,68,20,68,8,5,14,73,0.0,1024,22,71,10,Sunny,SE,126,6,4
394,2016-09-17,1000,15,59,22,72,21,70,11,7,16,69,0.0,1023,23,73,10,Sunny,SE,137,9,6
395,2016-09-17,1100,15,59,24,75,22,72,14,9,17,65,0.0,1023,24,75,10,Sunny,SSE,148,12,8
396,2016-09-17,1200,16,60,25,77,23,74,17,11,19,61,0.0,1023,25,77,10,Sunny,SSE,159,15,9
397,2016-09-17,1300,16,61,25,78,24,75,19,12,18,62,0.0,1022,25,78,10,Sunny,SSE,158,16,10
398,2016-09-17,1400,17,62,26,78,24,75,20,13,17,63,0.0,1022,26,78,10,Sunny,SSE,157,18,11
399,2016-09-17,1500,17,63,26,79,25,76,22,13,17,64,0.0,1021,26,78,10,Sunny,SSE,156,19,12
400,2016-09-17,1600,18,64,26,79,24,76,22,14,24,68,0.0,1020,25,78,10,Sunny,SSE,154,19,12
401,2016-09-17,1700,19,65,26,78,24,75,22,14,31,72,0.0,1020,25,77,10,Clear,SSE,153,19,12
402,2016-09-17,1800,19,67,26,78,24,75,22,14,39,76,0.0,1019,24,76,10,Clear,SSE,152,19,12
403,2016-09-17,1900,20,67,25,77,23,73,22,14,58,81,0.0,1019,23,74,10,Clear,SSE,155,18,11
404,2016-09-17,2000,20,68,24,76,22,71,22,14,78,85,0.0,1019,22,72,10,Overcast,SSE,157,18,11
405,2016-09-17,2100,21,69,21,70,21,70,22,14,98,90,0.0,1019,21,70,10,Overcast,SSE,160,17,11
406,2016-09-17,2200,20,69,20,68,20,68,23,14,93,90,0.0,1019,20,68,10,Overcast,SSE,166,16,10
407,2016-09-17,2300,20,68,19,67,19,67,24,15,87,90,0.0,1019,19,67,10,Overcast,S,172,16,10
408,2016-09-18,0,20,67,19,66,19,66,24,15,82,90,0.0,1019,19,66,10,Overcast,S,178,15,10
409,2016-09-18,100,19,67,19,66,19,66,26,16,79,91,0.0,1018,19,66,10,Overcast,S,180,15,9
410,2016-09-18,200,19,66,19,67,19,67,27,17,76,92,0.0,1017,19,67,10,Partly cloudy,S,182,15,9
411,2016-09-18,300,18,65,20,67,20,67,28,18,73,93,0.0,1017,20,67,10,Partly cloudy,S,184,14,9
412,2016-09-18,400,19,66,20,68,20,68,28,17,82,94,0.0,1017,20,68,10,Partly cloudy,S,186,14,9
413,2016-09-18,500,19,67,20,69,20,69,27,17,91,94,0.0,1017,21,69,10,Overcast,S,188,15,9
414,2016-09-18,600,20,68,21,69,21,69,26,16,100,95,0.0,1016,21,70,10,Overcast,S,191,15,9
415,2016-09-18,700,21,69,23,74,22,71,24,15,100,94,0.0,1016,22,72,10,Overcast,SSW,191,15,9
416,2016-09-18,800,21,70,25,76,23,73,23,14,100,92,0.1,1017,23,74,10,Patchy rain possible,SSW,192,15,9
417,2016-09-18,900,22,71,26,79,24,74,21,13,100,91,0.1,1017,24,76,10,Patchy rain possible,SSW,193,15,10
418,2016-09-18,1000,22,71,27,81,25,77,21,13,99,84,0.0,1017,25,78,10,Patchy rain possible,SSW,194,16,10
419,2016-09-18,1100,22,71,28,83,26,79,20,13,97,78,0.0,1016,27,80,10,Overcast,SSW,196,16,10
420,2016-09-18,1200,21,71,29,85,27,81,20,12,96,72,0.0,1016,28,82,10,Overcast,SSW,198,17,11
421,2016-09-18,1300,21,70,30,87,28,82,19,12,94,67,0.0,1016,29,84,10,Overcast,SSW,200,16,10
422,2016-09-18,1400,21,70,32,89,29,84,18,11,93,62,0.0,1016,30,86,10,Cloudy,SSW,203,15,10
423,2016-09-18,1500,21,69,33,91,30,86,17,11,91,57,0.0,1015,31,87,10,Cloudy,SSW,205,15,9
424,2016-09-18,1600,21,69,32,90,30,85,15,9,94,59,0.1,1015,30,87,10,Cloudy,SSW,198,13,8
425,2016-09-18,1700,21,69,32,89,29,85,12,8,97,61,0.1,1015,30,86,10,Patchy rain possible,S,190,10,6
426,2016-09-18,1800,21,70,31,89,29,84,10,6,100,62,0.1,1015,30,85,10,Patchy rain possible,S,183,8,5
427,2016-09-18,1900,21,70,31,87,28,82,11,7,100,68,0.1,1015,28,83,10,Patchy rain possible,S,174,9,5
428,2016-09-18,2000,22,71,30,85,27,81,12,8,100,74,0.1,1016,27,81,10,Patchy rain possible,SSE,166,9,6
429,2016-09-18,2100,22,72,29,84,26,79,13,8,100,80,0.1,1016,26,79,10,Patchy rain possible,SSE,157,9,6
430,2016-09-18,2200,22,72,28,82,25,78,14,9,98,84,0.3,1016,25,78,10,Patchy rain possible,SSE,158,9,6
431,2016-09-18,2300,22,72,27,81,25,76,15,9,96,88,0.5,1016,25,76,10,Light rain shower,SSE,158,10,6
432,2016-09-19,0,22,72,27,80,24,75,16,10,94,92,0.7,1016,24,75,10,Light rain shower,SSE,158,10,6
433,2016-09-19,100,22,71,25,78,23,74,15,9,92,93,1.1,1016,23,74,10,Light rain shower,SSE,155,9,5
434,2016-09-19,200,21,71,24,76,22,72,14,9,90,95,1.4,1017,22,72,10,Light rain shower,SSE,153,8,5
435,2016-09-19,300,21,70,21,71,21,71,14,9,88,97,1.8,1017,21,71,10,Light rain shower,SSE,150,7,4
436,2016-09-19,400,21,70,22,71,22,71,13,8,92,96,1.6,1017,22,71,9,Light rain shower,SSE,146,7,4
437,2016-09-19,500,21,70,22,71,22,71,13,8,96,96,1.5,1017,22,71,8,Light rain shower,SE,143,7,4
438,2016-09-19,600,21,70,22,71,22,71,13,8,100,95,1.3,1017,22,71,7,Light rain shower,SE,140,7,4
439,2016-09-19,700,21,70,24,75,23,73,14,9,100,93,1.1,1017,23,73,6,Light rain shower,SSE,147,8,5
440,2016-09-19,800,21,71,25,77,23,74,16,10,100,90,1.0,1017,23,74,6,Mist,SSE,154,9,6
441,2016-09-19,900,22,71,26,79,24,75,18,11,100,87,0.8,1017,24,76,5,Mist,SSE,161,11,7
442,2016-09-19,1000,21,71,27,80,25,76,19,12,100,83,1.8,1017,25,76,6,Mist,SSE,169,12,7
443,2016-09-19,1100,21,70,27,81,25,77,21,13,100,79,2.8,1017,25,77,8,Light rain shower,S,177,13,8
444,2016-09-19,1200,21,69,28,82,26,78,23,14,100,75,3.8,1018,26,78,9,Light rain shower,S,185,14,9
445,2016-09-19,1300,21,71,28,82,26,78,23,14,100,77,4.7,1017,26,79,8,Light rain shower,SSW,193,13,8
446,2016-09-19,1400,22,72,28,83,26,79,24,15,100,79,5.5,1017,26,79,8,Moderate or heavy rain shower,SSW,200,12,8
447,2016-09-19,1500,23,73,29,84,26,79,24,15,100,81,6.4,1017,26,80,7,Moderate or heavy rain shower,SSW,208,12,7
448,2016-09-19,1600,23,73,29,84,26,79,23,14,100,82,5.5,1018,26,79,7,Moderate or heavy rain shower,SSW,212,11,7
449,2016-09-19,1700,23,73,29,83,26,79,22,13,100,83,4.6,1018,26,79,8,Moderate or heavy rain shower,SW,217,10,6
450,2016-09-19,1800,23,73,28,83,26,78,20,13,100,84,3.6,1018,26,79,8,Moderate or heavy rain shower,SW,222,9,6
451,2016-09-19,1900,23,73,28,83,25,78,17,11,100,87,2.5,1018,26,78,8,Moderate or heavy rain shower,SSW,209,8,5
452,2016-09-19,2000,23,74,28,82,25,77,14,9,100,90,1.4,1018,25,77,8,Light rain shower,SSW,196,7,4
453,2016-09-19,2100,24,74,28,82,25,77,12,7,100,93,0.3,1018,25,77,7,Light rain shower,S,183,6,4
454,2016-09-19,2200,23,74,27,81,24,76,10,6,100,94,0.2,1019,24,76,6,Light rain shower,S,186,6,3
455,2016-09-19,2300,23,73,27,80,24,75,9,6,100,95,0.1,1019,24,75,6,Mist,S,188,5,3
456,2016-09-20,0,23,73,26,79,23,74,8,5,100,96,0.0,1019,23,74,5,Mist,S,191,5,3
457,2016-09-20,100,22,71,25,78,23,73,9,6,100,95,0.0,1019,23,73,6,Mist,SSW,195,5,3
458,2016-09-20,200,21,70,22,71,22,71,10,6,100,95,0.1,1019,22,71,6,Patchy rain possible,SSW,199,6,4
459,2016-09-20,300,20,68,21,70,21,70,12,7,100,94,0.1,1018,21,70,7,Patchy rain possible,SSW,204,6,4
460,2016-09-20,400,20,69,21,71,21,71,11,7,100,94,0.0,1018,22,71,6,Patchy rain possible,SW,215,6,4
461,2016-09-20,500,21,69,22,71,22,71,10,6,100,93,0.0,1018,22,71,6,Mist,SW,226,6,4
462,2016-09-20,600,21,69,25,76,22,71,9,5,100,93,0.0,1018,22,72,5,Mist,WSW,238,5,3
463,2016-09-20,700,21,70,25,77,23,73,8,5,100,91,0.0,1019,23,73,6,Mist,WSW,247,5,3
464,2016-09-20,800,21,70,26,78,23,74,7,4,100,88,0.0,1019,24,75,8,Overcast,WSW,257,5,3
465,2016-09-20,900,21,71,26,79,24,75,6,4,100,86,0.0,1019,25,76,10,Overcast,W,267,5,3
466,2016-09-20,1000,21,70,27,80,25,76,6,4,100,82,0.1,1020,25,77,10,Overcast,WSW,255,6,3
467,2016-09-20,1100,21,70,27,81,25,77,6,4,100,78,0.1,1020,26,79,10,Patchy rain possible,WSW,243,6,4
468,2016-09-20,1200,21,69,28,82,26,79,6,4,99,74,0.1,1020,26,80,10,Patchy rain possible,SW,231,6,4
469,2016-09-20,1300,21,69,29,84,27,80,8,5,92,70,0.1,1019,27,81,10,Patchy rain possible,SW,221,7,5
470,2016-09-20,1400,21,69,30,85,28,82,10,6,85,67,0.1,1019,28,83,10,Patchy rain possible,SSW,210,9,6
471,2016-09-20,1500,21,69,31,87,28,83,12,8,78,63,0.1,1019,29,85,10,Patchy rain possible,SSW,200,10,6
472,2016-09-20,1600,21,69,30,87,28,83,13,8,63,65,0.0,1019,29,85,10,Patchy rain possible,SSW,197,11,7
473,2016-09-20,1700,21,70,30,87,28,83,15,9,48,67,0.0,1018,29,85,10,Partly cloudy,SSW,193,12,7
474,2016-09-20,1800,21,70,30,87,28,83,16,10,33,69,0.0,1018,29,85,10,Partly cloudy,S,190,12,8
475,2016-09-20,1900,22,71,30,86,28,82,15,9,30,75,0.0,1018,28,83,10,Partly cloudy,SSW,191,11,7
476,2016-09-20,2000,22,72,29,85,27,81,15,9,26,81,0.0,1019,27,81,10,Partly cloudy,SSW,193,10,6
477,2016-09-20,2100,23,73,29,84,27,80,14,9,22,86,0.0,1019,27,80,10,Partly cloudy,SSW,194,9,6
478,2016-09-20,2200,22,72,27,81,25,78,13,8,28,89,0.0,1019,25,78,9,Partly cloudy,SSW,199,9,5
479,2016-09-20,2300,22,72,26,79,24,76,11,7,34,91,0.0,1019,24,76,8,Clear,SSW,203,8,5
480,2016-09-21,0,22,71,25,77,23,74,10,6,41,93,0.0,1019,23,74,7,Clear,SSW,207,7,4
481,2016-09-21,100,21,70,23,74,22,72,10,6,60,95,0.0,1019,22,72,4,Clear,SW,217,6,4
482,2016-09-21,200,20,69,21,70,21,70,10,6,80,97,0.0,1019,21,70,2,Fog,SW,226,5,3
483,2016-09-21,300,20,67,20,68,20,68,9,6,100,99,0.0,1019,20,68,0,Fog,SW,236,4,3
484,2016-09-21,400,19,67,20,68,20,68,10,6,95,97,0.0,1019,20,68,1,Fog,W,266,5,3
485,2016-09-21,500,19,66,20,68,20,68,10,6,89,95,0.0,1019,20,69,2,Fog,WNW,297,5,3
486,2016-09-21,600,19,66,20,68,20,68,10,6,84,93,0.0,1020,21,69,3,Fog,NNW,328,6,4
487,2016-09-21,700,17,63,21,70,21,70,13,8,78,83,0.0,1020,22,71,6,Fog,WNW,298,8,5
488,2016-09-21,800,16,61,23,74,22,71,15,9,73,74,0.0,1021,23,74,8,Partly cloudy,W,269,10,6
489,2016-09-21,900,15,58,25,76,23,73,17,11,67,65,0.0,1021,24,76,10,Partly cloudy,WSW,239,12,7
490,2016-09-21,1000,12,53,25,77,24,76,16,10,75,52,0.0,1021,26,78,10,Partly cloudy,SSE,164,12,7
491,2016-09-21,1100,9,48,26,78,26,78,15,9,82,40,0.0,1021,27,80,10,Overcast,E,90,12,7
492,2016-09-21,1200,6,44,26,79,27,81,14,9,90,27,0.0,1021,28,83,10,Overcast,NNE,15,12,8
493,2016-09-21,1300,6,43,26,80,28,82,12,7,86,25,0.0,1021,29,84,10,Overcast,NNE,26,10,6
494,2016-09-21,1400,6,42,27,80,28,83,10,6,82,24,0.0,1021,30,86,10,Cloudy,NE,38,8,5
495,2016-09-21,1500,5,41,27,81,29,85,8,5,79,22,0.0,1020,31,88,10,Cloudy,NE,49,6,4
496,2016-09-21,1600,7,45,28,82,29,84,6,4,74,25,0.0,1020,30,87,10,Cloudy,ENE,69,5,3
497,2016-09-21,1700,9,48,28,83,29,84,5,3,70,29,0.0,1020,30,85,10,Overcast,E,90,4,3
498,2016-09-21,1800,11,51,29,83,29,83,3,2,66,32,0.0,1020,29,84,10,Overcast,ESE,110,3,2
499,2016-09-21,1900,13,56,29,84,28,82,3,2,44,39,0.0,1020,28,82,10,Overcast,ESE,118,3,2
500,2016-09-21,2000,16,61,29,84,27,80,3,2,22,46,0.0,1020,27,80,10,Clear,SE,126,2,1
501,2016-09-21,2100,19,66,29,85,26,78,2,1,0,53,0.0,1021,26,78,10,Clear,SE,134,2,1
502,2016-09-21,2200,18,65,28,82,25,76,3,2,2,55,0.0,1021,25,76,10,Clear,SSE,150,2,1
503,2016-09-21,2300,18,64,26,79,23,74,3,2,5,57,0.0,1021,23,74,10,Clear,SSE,166,2,1
504,2016-09-22,0,17,63,24,76,22,72,3,2,7,59,0.0,1021,22,72,10,Clear,S,182,2,1
505,2016-09-22,100,15,59,22,71,22,71,5,3,20,58,0.0,1021,22,71,10,Clear,SW,232,3,2
506,2016-09-22,200,13,55,21,70,21,70,7,5,34,56,0.0,1021,21,70,10,Clear,WNW,282,3,2
507,2016-09-22,300,11,51,20,68,20,68,9,6,47,55,0.0,1021,20,68,10,Clear,NNW,332,4,3
508,2016-09-22,400,11,51,20,67,20,67,10,6,56,56,0.0,1021,20,68,10,Clear,NNW,337,5,3
509,2016-09-22,500,11,51,19,67,19,67,10,6,65,57,0.0,1021,20,67,10,Overcast,NNW,343,5,3
510,2016-09-22,600,11,51,19,66,19,66,11,7,75,59,0.0,1021,19,67,10,Overcast,NNW,348,5,3
511,2016-09-22,700,11,51,20,68,20,68,10,6,57,57,0.0,1022,21,69,10,Overcast,NW,326,5,3
512,2016-09-22,800,11,52,21,69,21,70,8,5,40,54,0.0,1022,22,72,10,Partly cloudy,WNW,303,4,3
513,2016-09-22,900,11,52,22,71,22,72,7,4,22,52,0.0,1022,24,75,10,Partly cloudy,WNW,281,4,2
514,2016-09-22,1000,11,51,24,75,24,75,7,4,16,46,0.0,1022,26,78,10,Partly cloudy,WSW,237,4,3
515,2016-09-22,1100,10,51,26,78,26,79,6,4,10,39,0.0,1022,28,82,10,Sunny,SSW,192,5,3
516,2016-09-22,1200,10,50,27,81,28,83,6,4,4,32,0.0,1022,30,86,10,Sunny,SSE,148,5,3
517,2016-09-22,1300,10,50,28,82,28,83,9,5,4,32,0.0,1022,30,86,10,Sunny,SSE,155,8,5
518,2016-09-22,1400,10,51,28,82,29,84,11,7,4,32,0.0,1021,30,86,10,Sunny,SSE,162,10,6
519,2016-09-22,1500,11,51,28,83,29,84,14,9,4,32,0.0,1021,30,86,10,Sunny,SSE,169,12,8
520,2016-09-22,1600,11,53,28,82,28,83,15,9,5,37,0.0,1021,29,85,10,Sunny,SSE,166,12,8
521,2016-09-22,1700,12,54,28,82,28,82,15,9,6,43,0.0,1020,29,84,10,Clear,SSE,163,12,8
522,2016-09-22,1800,13,56,28,82,27,81,15,10,6,48,0.0,1020,28,82,10,Clear,SSE,160,13,8
523,2016-09-22,1900,15,59,28,83,27,80,15,9,6,59,0.0,1020,27,81,10,Clear,SSE,160,12,7
524,2016-09-22,2000,17,63,29,84,26,79,15,9,5,70,0.0,1021,27,80,10,Clear,SSE,160,11,7
525,2016-09-22,2100,19,66,29,85,26,79,15,9,4,81,0.0,1021,26,79,10,Clear,SSE,160,10,6
526,2016-09-22,2200,19,66,28,82,25,77,13,8,15,85,0.0,1020,25,77,10,Clear,SSE,166,9,6
527,2016-09-22,2300,19,66,27,80,24,75,12,7,27,89,0.0,1020,24,75,10,Clear,S,172,8,5
528,2016-09-23,0,19,66,25,77,23,73,10,6,38,93,0.0,1020,23,73,10,Clear,S,179,6,4
529,2016-09-23,100,19,65,21,70,21,70,9,5,59,93,0.1,1019,21,70,9,Clear,SSW,193,5,3
530,2016-09-23,200,18,64,20,68,20,68,7,4,79,93,0.1,1018,20,68,8,Patchy rain possible,SSW,207,4,2
531,2016-09-23,300,18,64,19,65,19,65,5,3,100,93,0.1,1017,19,65,7,Patchy rain possible,SW,221,3,2
532,2016-09-23,400,18,64,19,66,19,66,6,4,96,93,0.1,1017,19,67,6,Patchy rain possible,SW,235,3,2
533,2016-09-23,500,18,64,19,67,19,67,7,4,91,92,0.1,1017,20,68,6,Light drizzle,WSW,249,4,3
534,2016-09-23,600,18,65,20,67,20,67,8,5,87,92,0.1,1017,20,69,5,Light drizzle,W,264,5,3
535,2016-09-23,700,18,65,21,69,21,69,9,5,74,87,0.1,1016,22,71,6,Light drizzle,W,259,7,4
536,2016-09-23,800,18,65,22,71,21,71,10,6,60,83,0.0,1016,23,73,8,Partly cloudy,WSW,255,8,5
537,2016-09-23,900,18,65,23,73,22,72,10,6,47,79,0.0,1016,24,76,10,Partly cloudy,WSW,250,9,6
538,2016-09-23,1000,18,65,25,76,24,75,11,7,36,72,0.0,1016,26,79,10,Partly cloudy,WSW,242,9,6
539,2016-09-23,1100,18,64,27,80,26,78,11,7,25,64,0.0,1015,27,81,10,Sunny,SW,234,10,6
540,2016-09-23,1200,18,64,29,83,27,81,12,7,14,57,0.0,1015,29,84,10,Sunny,SW,225,10,6
541,2016-09-23,1300,18,64,30,86,28,83,12,8,10,54,0.0,1014,30,86,10,Sunny,SW,222,11,7
542,2016-09-23,1400,18,65,31,88,30,86,13,8,6,50,0.0,1014,31,88,10,Sunny,SW,219,11,7
543,2016-09-23,1500,18,65,33,91,31,88,13,8,2,46,0.0,1013,33,91,10,Sunny,SW,216,12,7
544,2016-09-23,1600,19,65,33,91,31,88,12,8,9,48,0.0,1013,32,90,10,Sunny,SSW,212,10,6
545,2016-09-23,1700,19,66,33,92,31,88,11,7,15,50,0.0,1012,32,90,10,Clear,SSW,209,9,6
546,2016-09-23,1800,19,67,33,92,31,88,10,6,22,52,0.0,1012,32,89,10,Clear,SSW,205,8,5
547,2016-09-23,1900,19,66,33,91,30,86,13,8,29,57,0.2,1013,31,87,9,Clear,SW,217,10,6
548,2016-09-23,2000,18,65,32,90,29,85,16,10,36,61,0.4,1013,30,85,9,Thundery outbreaks possible,SW,228,11,7
549,2016-09-23,2100,18,64,32,89,29,83,18,11,42,65,0.6,1014,29,83,9,Thundery outbreaks possible,WSW,240,12,8
550,2016-09-23,2200,16,61,30,85,27,81,25,15,30,66,0.8,1014,27,81,9,Thundery outbreaks possible,WSW,239,16,10
551,2016-09-23,2300,15,58,28,82,26,78,31,19,18,67,1.1,1015,26,78,9,Patchy rain possible,WSW,238,20,13
552,2016-09-24,0,13,55,25,78,24,75,38,23,6,68,1.3,1016,24,75,9,Patchy rain possible,WSW,237,24,15
553,2016-09-24,100,13,55,22,71,22,71,38,23,16,70,1.0,1016,22,71,10,Patchy rain possible,SSE,159,23,15
554,2016-09-24,200,13,55,19,67,19,67,37,23,26,73,0.7,1016,19,67,10,Patchy rain possible,E,82,22,14
555,2016-09-24,300,13,55,17,63,17,63,37,23,36,75,0.4,1016,17,63,10,Patchy rain possible,N,4,21,13
556,2016-09-24,400,13,55,17,63,17,63,34,21,57,76,0.4,1016,17,63,10,Patchy rain possible,N,5,21,13
557,2016-09-24,500,13,56,17,63,17,63,31,19,79,78,0.3,1016,17,63,10,Light rain shower,N,6,20,13
558,2016-09-24,600,13,56,17,63,17,63,28,18,100,79,0.3,1017,17,63,10,Light rain shower,N,7,20,12
559,2016-09-24,700,14,57,17,63,17,63,27,17,100,80,0.3,1017,18,64,10,Light rain shower,N,8,19,12
560,2016-09-24,800,14,58,18,64,18,64,25,16,100,80,0.3,1018,18,65,10,Light rain shower,N,10,19,12
561,2016-09-24,900,15,59,18,65,18,65,23,15,100,81,0.4,1018,19,65,10,Light rain shower,N,11,19,12
562,2016-09-24,1000,15,59,19,66,19,66,22,13,96,79,0.3,1018,19,67,10,Light rain shower,NNE,12,18,11
563,2016-09-24,1100,15,60,20,67,20,67,20,12,92,77,0.2,1019,20,69,10,Patchy rain possible,NNE,13,17,10
564,2016-09-24,1200,16,60,20,68,20,68,18,11,88,75,0.1,1019,21,70,10,Patchy rain possible,NNE,14,16,10
565,2016-09-24,1300,15,59,21,69,21,69,16,10,74,71,0.1,1019,22,71,10,Patchy rain possible,NE,48,14,9
566,2016-09-24,1400,14,58,23,74,21,70,15,9,60,67,0.1,1019,23,73,10,Patchy rain possible,E,81,13,8
567,2016-09-24,1500,14,57,24,76,22,71,13,8,46,62,0.1,1018,23,74,10,Patchy rain possible,ESE,115,11,7
568,2016-09-24,1600,13,55,24,75,21,70,12,8,37,59,0.0,1018,23,73,10,Patchy rain possible,SSE,148,10,6
569,2016-09-24,1700,12,53,23,74,21,70,12,7,29,55,0.0,1018,23,73,10,Clear,S,181,10,6
570,2016-09-24,1800,11,51,23,73,21,70,12,7,20,51,0.0,1018,22,72,10,Clear,SW,214,9,6
571,2016-09-24,1900,11,52,20,68,20,68,12,7,24,53,0.0,1018,21,70,10,Clear,S,183,9,6
572,2016-09-24,2000,11,52,19,66,19,66,12,7,27,55,0.0,1019,20,67,10,Partly cloudy,SSE,152,9,5
573,2016-09-24,2100,12,53,18,65,18,65,12,7,31,57,0.0,1019,18,65,10,Partly cloudy,ESE,121,9,5
574,2016-09-24,2200,12,53,17,63,17,63,11,7,20,58,0.0,1019,17,63,10,Partly cloudy,SSW,198,9,5
575,2016-09-24,2300,12,54,17,62,17,62,10,6,10,60,0.0,1020,17,62,10,Clear,W,275,8,5
576,2016-09-25,0,13,55,16,61,16,61,10,6,0,62,0.0,1020,16,61,10,Clear,N,352,8,5
577,2016-09-25,100,12,54,16,61,16,61,10,6,0,63,0.0,1020,16,62,10,Clear,NNW,347,9,5
578,2016-09-25,200,12,53,17,62,17,62,11,7,0,65,0.0,1020,17,62,10,Clear,NNW,341,9,6
579,2016-09-25,300,11,52,17,63,17,63,12,7,0,66,0.0,1020,17,63,10,Clear,NNW,336,9,6
580,2016-09-25,400,10,51,16,61,16,61,13,8,0,68,0.0,1020,16,61,10,Clear,NNW,336,10,6
581,2016-09-25,500,10,50,15,59,15,59,15,9,0,70,0.0,1021,16,60,10,Clear,NNW,337,11,7
582,2016-09-25,600,10,49,14,57,14,57,16,10,0,72,0.0,1021,15,58,10,Clear,NNW,338,12,7
583,2016-09-25,700,9,47,14,57,14,57,16,10,0,68,0.0,1021,15,59,10,Sunny,NNW,341,13,8
584,2016-09-25,800,8,46,14,57,14,57,17,10,0,64,0.0,1021,15,59,10,Sunny,NNW,344,13,8
585,2016-09-25,900,7,44,14,57,14,57,17,11,0,60,0.0,1022,15,60,10,Sunny,NNW,348,14,9
586,2016-09-25,1000,6,42,15,60,15,60,17,11,0,53,0.0,1022,17,62,10,Sunny,NNW,347,14,9
587,2016-09-25,1100,5,41,17,62,17,62,17,11,0,46,0.0,1022,18,64,10,Sunny,NNW,346,15,9
588,2016-09-25,1200,4,39,18,65,18,65,17,11,0,40,0.0,1022,19,66,10,Sunny,NNW,345,15,9
589,2016-09-25,1300,4,39,19,66,19,66,16,10,0,37,0.0,1021,20,68,10,Sunny,NNW,340,14,9
590,2016-09-25,1400,3,38,20,68,20,68,16,10,0,34,0.0,1021,21,70,10,Sunny,NNW,336,14,9
591,2016-09-25,1500,3,37,21,70,21,69,15,9,0,31,0.0,1021,23,73,10,Sunny,NNW,331,13,8
592,2016-09-25,1600,4,39,22,72,21,70,14,9,0,32,0.0,1020,23,73,10,Sunny,WNW,294,12,7
593,2016-09-25,1700,5,41,23,73,22,71,12,8,0,34,0.0,1020,23,73,10,Clear,WSW,258,11,7
594,2016-09-25,1800,6,43,24,75,22,72,11,7,0,35,0.0,1020,23,74,10,Clear,SW,221,9,6
595,2016-09-25,1900,7,45,23,74,22,71,10,6,0,39,0.0,1020,22,72,10,Clear,SSE,155,9,5
596,2016-09-25,2000,8,47,22,71,22,71,9,5,0,43,0.0,1021,22,71,10,Clear,E,88,8,5
597,2016-09-25,2100,9,49,21,70,21,70,8,5,0,47,0.0,1021,21,70,10,Clear,NNE,22,7,4
598,2016-09-25,2200,9,48,20,68,20,68,9,5,1,49,0.0,1021,20,68,10,Clear,NNE,27,7,5
599,2016-09-25,2300,9,48,19,66,19,66,10,6,2,52,0.0,1022,19,66,10,Clear,NNE,32,8,5
600,2016-09-26,0,9,47,18,64,18,64,11,7,3,55,0.0,1022,18,64,10,Clear,NE,37,9,5
601,2016-09-26,100,9,48,17,63,17,63,10,6,4,59,0.0,1022,17,63,10,Clear,NE,39,8,5
602,2016-09-26,200,10,49,17,62,17,62,10,6,5,63,0.0,1021,17,62,10,Clear,NE,41,7,5
603,2016-09-26,300,10,51,17,62,17,62,9,6,6,67,0.0,1021,17,62,10,Clear,NE,44,7,4
604,2016-09-26,400,11,51,16,61,16,61,9,6,5,69,0.0,1021,16,62,10,Clear,NE,42,7,4
605,2016-09-26,500,11,52,16,61,16,61,9,5,4,72,0.0,1021,16,62,10,Clear,NE,40,6,4
606,2016-09-26,600,12,53,16,61,16,61,8,5,3,74,0.0,1021,16,62,10,Clear,NE,38,6,4
607,2016-09-26,700,11,52,16,61,16,61,10,6,15,72,0.0,1021,17,62,10,Sunny,NE,51,7,4
608,2016-09-26,800,10,50,16,61,16,61,11,7,28,69,0.0,1021,17,62,10,Sunny,ENE,64,8,5
609,2016-09-26,900,10,49,16,61,16,61,13,8,40,67,0.0,1022,17,63,10,Sunny,ENE,77,9,5
610,2016-09-26,1000,9,49,18,64,18,64,14,9,59,60,0.0,1021,18,65,10,Sunny,E,98,11,7
611,2016-09-26,1100,9,49,19,66,19,66,16,10,78,54,0.0,1021,20,68,10,Overcast,ESE,119,13,8
612,2016-09-26,1200,9,49,21,69,21,69,17,11,97,48,0.0,1021,21,70,10,Overcast,SE,140,15,9
613,2016-09-26,1300,10,50,21,70,21,70,20,12,85,49,0.0,1020,22,71,10,Overcast,SE,146,17,11
614,2016-09-26,1400,10,51,21,70,21,70,22,14,73,50,0.0,1020,22,71,10,Overcast,SSE,151,19,12
615,2016-09-26,1500,11,52,23,74,21,71,24,15,62,51,0.0,1019,22,72,10,Overcast,SSE,157,21,13
616,2016-09-26,1600,11,52,21,70,21,70,26,16,48,53,0.0,1019,22,71,10,Overcast,SSE,158,22,13
617,2016-09-26,1700,11,52,21,69,21,69,28,17,34,55,0.0,1018,22,71,10,Clear,SSE,158,22,14
618,2016-09-26,1800,11,52,20,69,20,69,30,18,20,56,0.0,1018,21,70,10,Clear,SSE,159,23,14
619,2016-09-26,1900,12,53,19,67,19,67,30,19,36,59,0.0,1017,20,68,10,Clear,SSE,161,22,14
620,2016-09-26,2000,12,54,19,66,19,66,30,19,53,63,0.0,1017,19,66,10,Partly cloudy,SSE,163,21,13
621,2016-09-26,2100,13,55,18,64,18,64,31,19,69,66,0.0,1017,18,64,10,Partly cloudy,SSE,165,21,13
622,2016-09-26,2200,14,56,17,63,17,63,30,18,79,69,0.0,1016,17,63,9,Partly cloudy,SSE,166,20,12
623,2016-09-26,2300,14,58,17,63,17,63,28,17,90,73,0.1,1016,17,63,8,Overcast,SSE,167,19,12
624,2016-09-27,0,15,60,17,62,17,62,27,17,100,76,0.1,1015,17,62,7,Overcast,SSE,168,18,11
625,2016-09-27,100,16,61,18,64,18,64,24,15,100,79,0.4,1015,18,64,6,Overcast,S,172,17,10
626,2016-09-27,200,16,62,19,65,19,65,22,14,100,83,0.7,1014,19,65,5,Light drizzle,S,176,15,10
627,2016-09-27,300,17,63,20,67,20,67,20,13,100,86,1.0,1013,20,67,4,Light drizzle,S,180,14,9
628,2016-09-27,400,17,63,19,67,19,67,19,12,100,88,1.9,1012,19,67,6,Light drizzle,S,189,13,8
629,2016-09-27,500,18,64,19,67,19,67,18,11,100,90,2.8,1012,19,67,7,Light rain,SSW,197,13,8
630,2016-09-27,600,18,64,19,66,19,66,17,11,100,92,3.8,1011,19,67,8,Light rain,SSW,205,12,8
631,2016-09-27,700,18,64,19,67,19,67,16,10,99,90,4.0,1011,20,68,8,Light rain,SW,221,12,7
632,2016-09-27,800,17,63,20,67,20,67,14,9,99,88,4.1,1011,20,69,8,Moderate rain,WSW,238,11,7
633,2016-09-27,900,17,63,20,68,20,68,13,8,98,86,4.3,1012,21,69,8,Moderate rain,WSW,254,10,6
634,2016-09-27,1000,17,62,21,70,21,70,13,8,98,78,2.9,1012,22,71,9,Moderate rain,WSW,253,11,7
635,2016-09-27,1100,16,61,24,74,22,71,14,9,97,70,1.4,1012,23,73,9,Overcast,WSW,251,12,7
636,2016-09-27,1200,15,59,25,77,23,73,15,9,97,62,0.0,1012,24,74,10,Overcast,WSW,250,13,8
637,2016-09-27,1300,15,58,25,77,23,74,15,10,95,58,0.0,1011,24,75,10,Overcast,WSW,240,13,8
638,2016-09-27,1400,14,58,25,78,24,75,16,10,94,55,0.0,1011,24,76,10,Overcast,SW,230,14,9
639,2016-09-27,1500,14,57,26,78,25,76,17,11,93,51,0.0,1011,25,77,10,Overcast,SW,220,14,9
640,2016-09-27,1600,14,57,25,78,24,76,17,10,90,52,0.0,1011,25,76,10,Overcast,SSW,214,14,9
641,2016-09-27,1700,14,56,25,78,24,75,16,10,88,52,0.0,1011,24,76,10,Cloudy,SSW,207,13,8
642,2016-09-27,1800,14,56,25,77,24,75,16,10,86,53,0.0,1011,24,76,10,Cloudy,SSW,201,12,8
643,2016-09-27,1900,14,57,25,77,23,74,14,9,90,57,0.0,1011,23,74,10,Cloudy,SSW,202,10,6
644,2016-09-27,2000,15,59,25,77,23,73,12,7,95,62,0.0,1012,23,73,10,Overcast,SSW,204,8,5
645,2016-09-27,2100,15,60,22,71,22,71,9,6,100,67,0.0,1012,22,71,10,Overcast,SSW,205,6,4
646,2016-09-27,2200,16,60,22,71,22,71,9,5,96,70,0.0,1013,22,71,10,Overcast,S,187,6,3
647,2016-09-27,2300,16,61,21,70,21,70,8,5,92,73,0.0,1013,21,70,10,Overcast,SSE,169,5,3
648,2016-09-28,0,16,61,21,69,21,69,7,4,88,76,0.0,1014,21,69,10,Overcast,SSE,151,4,3
649,2016-09-28,100,16,61,20,68,20,68,9,6,83,77,0.0,1014,20,68,10,Overcast,ESE,103,5,3
650,2016-09-28,200,16,60,20,67,20,67,11,7,77,78,0.0,1014,20,67,10,Cloudy,NE,55,6,4
651,2016-09-28,300,16,60,19,67,19,67,13,8,72,79,0.0,1015,19,67,10,Cloudy,N,7,8,5
652,2016-09-28,400,15,59,19,66,19,66,15,9,67,77,0.0,1015,19,66,10,Cloudy,N,9,9,5
653,2016-09-28,500,14,57,19,65,19,65,17,11,63,75,0.0,1015,19,66,10,Cloudy,NNE,12,10,6
654,2016-09-28,600,13,56,18,65,18,65,19,12,58,73,0.0,1015,19,65,10,Cloudy,NNE,14,11,7
655,2016-09-28,700,14,57,19,66,19,66,20,12,39,73,0.0,1016,19,67,10,Cloudy,NNE,22,12,8
656,2016-09-28,800,14,58,19,67,19,67,21,13,20,72,0.0,1016,20,68,10,Sunny,NNE,29,14,9
657,2016-09-28,900,15,58,20,68,20,68,21,13,1,72,0.0,1016,21,70,10,Sunny,NE,37,15,10
658,2016-09-28,1000,15,59,22,72,21,70,23,14,12,70,0.0,1017,22,72,10,Sunny,NE,44,18,11
659,2016-09-28,1100,16,60,23,74,22,72,24,15,23,68,0.0,1017,23,74,10,Sunny,NE,50,20,13
660,2016-09-28,1200,16,61,25,77,23,73,26,16,34,66,0.0,1017,24,76,10,Sunny,ENE,57,23,14
661,2016-09-28,1300,17,62,24,76,23,73,27,17,56,68,0.0,1017,24,75,10,Sunny,NE,55,23,14
662,2016-09-28,1400,17,62,24,75,22,72,27,17,78,71,0.0,1018,23,74,10,Overcast,NE,53,24,15
663,2016-09-28,1500,17,63,23,74,22,72,28,17,100,74,0.0,1018,23,73,10,Overcast,NE,51,24,15
664,2016-09-28,1600,17,62,21,70,21,70,28,17,100,76,0.1,1018,22,71,9,Overcast,NE,48,24,15
665,2016-09-28,1700,16,61,20,68,20,68,28,17,100,78,0.1,1019,21,69,8,Overcast,NE,44,23,14
666,2016-09-28,1800,16,60,19,67,19,67,28,17,100,80,0.1,1019,20,67,7,Overcast,NE,41,23,14
667,2016-09-28,1900,15,60,19,66,19,66,28,18,100,81,0.1,1020,19,66,6,Overcast,NE,41,22,14
668,2016-09-28,2000,15,59,18,65,18,65,28,18,100,83,0.2,1020,18,65,6,Light drizzle,NE,40,22,14
669,2016-09-28,2100,15,59,18,64,18,64,28,18,100,84,0.2,1021,18,64,5,Light drizzle,NE,39,22,14
670,2016-09-28,2200,15,58,17,63,17,63,28,18,100,84,0.1,1021,17,63,6,Light drizzle,NE,39,22,13
671,2016-09-28,2300,14,58,17,62,17,62,28,18,100,85,0.1,1021,17,62,8,Patchy rain possible,NE,39,21,13
672,2016-09-29,0,14,57,17,62,17,62,28,18,100,85,0.1,1022,17,62,10,Patchy rain possible,NE,39,21,13
673,2016-09-29,100,14,56,16,61,16,61,29,18,100,85,0.1,1022,16,61,9,Patchy rain possible,NE,41,21,13
674,2016-09-29,200,13,56,15,60,15,60,30,19,100,84,0.1,1023,16,60,8,Overcast,NE,42,20,13
675,2016-09-29,300,13,55,15,59,15,59,31,19,100,84,0.1,1024,15,60,7,Overcast,NE,43,20,13
676,2016-09-29,400,13,55,15,58,15,58,31,20,100,85,0.1,1024,15,60,6,Overcast,NE,44,20,13
677,2016-09-29,500,13,55,14,58,14,58,32,20,100,85,0.1,1024,15,60,6,Light drizzle,NE,45,21,13
678,2016-09-29,600,13,55,14,58,14,58,32,20,100,86,0.2,1024,15,60,5,Light drizzle,NE,46,21,13
679,2016-09-29,700,13,55,15,59,15,59,32,20,100,85,0.2,1025,16,60,6,Light drizzle,NE,47,21,13
680,2016-09-29,800,13,56,15,60,15,60,31,19,100,85,0.1,1025,16,61,6,Overcast,NE,47,22,13
681,2016-09-29,900,13,56,16,61,16,61,30,19,100,84,0.1,1025,17,62,7,Overcast,NE,48,22,14
682,2016-09-29,1000,13,56,16,61,16,61,30,18,100,83,0.1,1026,17,62,6,Overcast,NE,48,22,14
683,2016-09-29,1100,14,56,17,62,17,62,29,18,100,81,0.2,1026,17,63,6,Light drizzle,NE,49,23,14
684,2016-09-29,1200,14,56,17,63,17,63,29,18,100,80,0.2,1026,18,64,5,Light drizzle,NE,50,23,15
685,2016-09-29,1300,13,56,17,63,17,63,30,18,100,79,0.1,1026,18,64,6,Light drizzle,NE,51,24,15
686,2016-09-29,1400,13,56,17,63,17,63,30,19,100,77,0.1,1026,18,65,8,Overcast,NE,52,24,15
687,2016-09-29,1500,13,56,18,64,18,64,31,19,100,76,0.1,1026,18,65,10,Overcast,NE,52,24,15
688,2016-09-29,1600,13,56,17,63,17,63,32,20,100,76,0.1,1026,18,65,9,Overcast,NE,52,25,16
689,2016-09-29,1700,13,56,17,63,17,63,32,20,100,77,0.1,1026,18,64,8,Overcast,NE,51,26,16
690,2016-09-29,1800,13,56,17,63,17,63,33,21,100,77,0.1,1026,18,64,7,Overcast,NE,50,26,16
691,2016-09-29,1900,13,56,17,62,17,62,33,20,100,79,0.1,1026,17,63,6,Overcast,NE,49,27,17
692,2016-09-29,2000,13,56,17,62,17,62,33,20,100,80,0.2,1026,17,62,4,Light drizzle,NE,48,27,17
693,2016-09-29,2100,13,56,16,62,16,62,32,20,100,82,0.3,1027,16,62,2,Light drizzle,NE,47,28,17
694,2016-09-29,2200,13,56,16,61,16,61,33,21,100,83,0.4,1027,16,61,2,Light drizzle,NE,46,28,17
695,2016-09-29,2300,13,55,15,60,15,60,34,21,100,83,0.4,1027,16,61,2,Light drizzle,NE,46,28,17
696,2016-09-30,0,13,55,15,59,15,59,35,22,100,84,0.5,1027,16,60,2,Light drizzle,NE,46,28,17
697,2016-09-30,100,13,55,14,58,14,58,38,23,100,84,0.4,1027,15,60,2,Light drizzle,NE,45,28,18
698,2016-09-30,200,12,54,14,56,14,56,40,25,100,84,0.4,1026,15,59,2,Light drizzle,NE,44,29,18
699,2016-09-30,300,12,54,13,55,13,55,43,27,100,84,0.3,1026,15,59,2,Light drizzle,NE,43,29,18
700,2016-09-30,400,12,54,13,55,13,55,44,27,100,83,0.3,1026,15,59,2,Light drizzle,NE,43,30,18
701,2016-09-30,500,12,53,13,55,13,55,45,28,100,83,0.3,1026,15,59,2,Light drizzle,NE,43,30,19
702,2016-09-30,600,12,53,13,55,13,55,46,28,100,82,0.3,1025,15,59,2,Light drizzle,NE,42,31,19
703,2016-09-30,700,12,53,13,56,13,56,46,29,100,82,0.4,1025,15,60,2,Light drizzle,NE,43,31,19
704,2016-09-30,800,12,53,13,56,13,56,47,29,100,82,0.5,1025,16,60,2,Light drizzle,NE,43,32,20
705,2016-09-30,900,12,54,14,57,14,57,47,29,100,82,0.6,1025,16,61,2,Light drizzle,NE,43,32,20
706,2016-09-30,1000,12,54,14,58,14,58,46,29,100,83,3.4,1024,16,61,2,Light drizzle,NE,43,32,20
707,2016-09-30,1100,13,55,15,59,15,59,45,28,100,85,6.3,1024,16,61,3,Light drizzle,NE,42,32,20
708,2016-09-30,1200,13,56,16,60,16,60,44,27,100,87,9.1,1024,16,62,3,Light drizzle,NE,42,32,20
709,2016-09-30,1300,14,57,16,60,16,60,41,26,100,89,12.2,1024,16,62,4,Light drizzle,NE,43,31,19
710,2016-09-30,1400,14,57,16,60,16,60,39,24,100,90,15.2,1024,16,62,5,Heavy rain,NE,44,30,18
711,2016-09-30,1500,15,58,16,60,16,60,36,22,100,92,18.2,1023,17,62,6,Heavy rain,NE,44,28,18
712,2016-09-30,1600,14,58,16,60,16,60,38,23,100,92,12.8,1023,16,62,7,Heavy rain,NE,45,29,18
713,2016-09-30,1700,14,58,16,60,16,60,39,24,100,91,7.3,1023,16,61,8,Light rain,NE,46,30,18
714,2016-09-30,1800,14,57,16,60,16,60,41,25,100,90,1.8,1023,16,61,9,Light rain,NE,47,30,19
715,2016-09-30,1900,14,57,16,60,16,60,39,24,100,90,1.4,1023,16,61,8,Light rain,NE,45,29,18
716,2016-09-30,2000,14,57,15,60,15,60,38,23,100,90,1.0,1023,16,60,7,Light rain,NE,44,28,18
717,2016-09-30,2100,14,57,15,60,15,60,36,22,100,90,0.7,1023,15,60,7,Light rain,NE,42,27,17
718,2016-09-30,2200,14,56,15,59,15,59,33,21,100,90,0.5,1023,15,59,6,Light rain,NE,38,26,16
719,2016-09-30,2300,13,56,15,59,15,59,31,19,100,90,0.4,1023,15,59,5,Light drizzle,NNE,33,24,15
